analysis,x,y,cvegeo,cluster,local_i,p_sim
LISA,pop_density_km2,,3105000010027,Not significant,-1.5027013461000174,0.181
LISA,pop_density_km2,,3105000010031,Not significant,-0.14475710085020368,0.4
LISA,pop_density_km2,,3105000010120,Not significant,0.04861823793933867,0.385
LISA,pop_density_km2,,3105000010154,Not significant,0.5260752696887916,0.234
LISA,pop_density_km2,,3105000010169,Not significant,0.12021137290813612,0.154
LISA,pop_density_km2,,3105000010188,Not significant,0.020865583797931877,0.403
LISA,pop_density_km2,,310500001021A,Not significant,-0.007487526526852405,0.222
LISA,pop_density_km2,,3105000010224,Not significant,0.18803436159562437,0.212
LISA,pop_density_km2,,3105000010262,High-High,0.07567277029599803,0.043
LISA,pop_density_km2,,3105000010277,Low-Low,0.6617116821125469,0.044
LISA,pop_density_km2,,3105000010281,Not significant,-0.007569413117319348,0.457
LISA,pop_density_km2,,3105000010455,Not significant,0.6088370245527834,0.099
LISA,pop_density_km2,,3105000010296,Not significant,0.04045638898763928,0.226
LISA,pop_density_km2,,3105000010309,Not significant,-0.01679704126379078,0.368
LISA,pop_density_km2,,3105000010313,Not significant,-0.040903152057243194,0.224
LISA,pop_density_km2,,3105000010328,Not significant,0.13127239980790958,0.139
LISA,pop_density_km2,,3105000010332,Not significant,0.0017150266901473914,0.359
LISA,pop_density_km2,,3105000010347,Not significant,0.08737906170412661,0.267
LISA,pop_density_km2,,3105000010366,Not significant,0.10389730808006303,0.256
LISA,pop_density_km2,,310500001039A,Not significant,0.31983922798859166,0.088
LISA,pop_density_km2,,3105000010402,Not significant,0.22830950312172665,0.164
LISA,pop_density_km2,,3105000010417,Not significant,0.13904583368938048,0.36
LISA,pop_density_km2,,3105000010421,Not significant,-0.024903091043279566,0.262
LISA,pop_density_km2,,3105000010436,Not significant,-0.016323045234866856,0.305
LISA,pop_density_km2,,3105000010440,Not significant,0.32567957372153344,0.1
LISA,pop_density_km2,,3105000010474,Not significant,0.4652266232065928,0.181
LISA,pop_density_km2,,3105000010489,Not significant,0.03391609763924334,0.19
LISA,pop_density_km2,,3105000010493,Not significant,-0.015278035788635208,0.299
LISA,pop_density_km2,,3105000010506,Not significant,0.28848947630808985,0.162
LISA,pop_density_km2,,3105000010510,Not significant,0.38618590420944443,0.188
LISA,pop_density_km2,,3105000010525,Not significant,0.013925628007109983,0.321
LISA,pop_density_km2,,310500001053A,Not significant,0.13418356085525282,0.134
LISA,pop_density_km2,,3105000010544,Not significant,0.16565888152751682,0.113
LISA,pop_density_km2,,3105000010559,Not significant,0.16430839377329082,0.264
LISA,pop_density_km2,,3105000010563,Not significant,0.2173587368858321,0.076
LISA,pop_density_km2,,3105000010597,Not significant,0.12469538289621693,0.142
LISA,pop_density_km2,,310500001060A,Not significant,0.04531617352480967,0.435
LISA,pop_density_km2,,3105000010614,Not significant,-0.01870168884089747,0.314
LISA,pop_density_km2,,3105000010629,Not significant,-0.03957021996888809,0.226
LISA,pop_density_km2,,3105000010633,Not significant,0.10386987202767287,0.359
LISA,pop_density_km2,,3105000010648,Not significant,0.2612397050312234,0.106
LISA,pop_density_km2,,3105000010652,High-High,0.349384501643819,0.034
LISA,pop_density_km2,,3105000010667,Not significant,0.2632464664648547,0.059
LISA,pop_density_km2,,3105000010671,Not significant,0.2342090733565273,0.105
LISA,pop_density_km2,,3105000010686,High-High,0.4687450764023959,0.008
LISA,pop_density_km2,,3105000010718,High-High,0.35126307125175726,0.001
LISA,pop_density_km2,,3105000010737,Not significant,0.3345673760068237,0.092
LISA,pop_density_km2,,3105000011608,Not significant,0.04834382889067865,0.305
LISA,pop_density_km2,,3105000010741,High-High,0.3683799865397011,0.03
LISA,pop_density_km2,,3105000010756,High-High,0.1902158574279858,0.006
LISA,pop_density_km2,,3105000010760,High-High,0.43199929753238026,0.036
LISA,pop_density_km2,,310500001078A,Not significant,-0.48401578774621257,0.104
LISA,pop_density_km2,,3105000010807,Not significant,0.19010337124339166,0.243
LISA,pop_density_km2,,3105000010826,High-High,0.3348741761118658,0.01
LISA,pop_density_km2,,3105000010845,Not significant,0.1643083937732908,0.172
LISA,pop_density_km2,,310500001085A,Not significant,-1.443782217443369,0.481
LISA,pop_density_km2,,3105000010864,Not significant,0.6556433330900544,0.237
LISA,pop_density_km2,,3105000010879,Not significant,-0.8216925467255791,0.16
LISA,pop_density_km2,,3105000011218,High-High,0.2884784340632708,0.038
LISA,pop_density_km2,,3105000011241,High-High,0.8791065739336431,0.001
LISA,pop_density_km2,,3105000011631,High-High,0.4905194277512245,0.008
LISA,pop_density_km2,,3105000011345,Not significant,0.07845226565364442,0.173
LISA,pop_density_km2,,3105000011453,Not significant,0.047545530783048254,0.266
LISA,pop_density_km2,,3105000011468,Not significant,-0.001139663846221402,0.438
LISA,pop_density_km2,,3105000011472,Not significant,2.9492873127137673e-05,0.411
LISA,pop_density_km2,,3105000011487,Not significant,0.09449878753016658,0.362
LISA,pop_density_km2,,3105000011504,Not significant,-0.00321662408456745,0.239
LISA,pop_density_km2,,3105000011523,Not significant,0.0054859005981349315,0.444
LISA,pop_density_km2,,3105000011542,Not significant,-0.009239064899929381,0.273
LISA,pop_density_km2,,3105000011557,Not significant,-0.003338370644624482,0.482
LISA,pop_density_km2,,3105000011561,Not significant,-0.012529051645125938,0.205
LISA,pop_density_km2,,3105000011576,Not significant,0.001669703370931474,0.306
LISA,pop_density_km2,,3105000011650,High-High,0.4347503267737133,0.033
LISA,pop_density_km2,,3105000011665,Not significant,0.19993461694784376,0.099
LISA,pop_density_km2,,3105000011684,Low-High,-0.46913621438083836,0.008
LISA,pop_density_km2,,3105000011699,Not significant,0.011785129473405738,0.303
LISA,pop_density_km2,,3105000011716,Not significant,0.01573478746753477,0.5
LISA,pop_density_km2,,3105000011773,High-High,0.1865644469738402,0.045
LISA,pop_density_km2,,3105000011805,Not significant,0.1413283000733264,0.095
LISA,pop_density_km2,,310500001181A,Not significant,0.08870702573170487,0.289
LISA,pop_density_km2,,3105000011824,Not significant,0.14189415371239053,0.282
LISA,pop_density_km2,,3105000011843,Not significant,0.009227508231548916,0.461
LISA,pop_density_km2,,3105000011858,Not significant,0.07418045699141766,0.409
LISA,pop_density_km2,,3105000012220,High-High,0.3813205967400912,0.049
LISA,pop_density_km2,,3105000011913,High-High,0.16157950204863786,0.045
LISA,pop_density_km2,,310500001199A,Not significant,0.16388407150065587,0.27
LISA,pop_density_km2,,3105000012080,High-High,0.3151018159166928,0.014
LISA,pop_density_km2,,3105000012201,Not significant,0.10955516719577396,0.17
LISA,pop_density_km2,,3105000012216,Not significant,0.15151927212504118,0.146
LISA,pop_density_km2,,3105000012235,Not significant,0.229859609627864,0.099
LISA,pop_density_km2,,310500001224A,Not significant,-0.17637366736981017,0.069
LISA,pop_density_km2,,3105000012254,High-High,0.21021312831156874,0.038
LISA,pop_density_km2,,3105000012269,Not significant,0.3937253223895158,0.129
LISA,pop_density_km2,,3105000012273,High-High,0.5759595751281582,0.007
LISA,pop_density_km2,,3105000012485,Not significant,0.01963139974556487,0.424
LISA,pop_density_km2,,3105000012288,High-High,0.40227476195333234,0.019
LISA,pop_density_km2,,3105000012292,High-High,0.05003193275586737,0.013
LISA,pop_density_km2,,310500001231A,High-High,0.4538463814647907,0.014
LISA,pop_density_km2,,3105000012324,Not significant,0.06546114910517825,0.486
LISA,pop_density_km2,,3105000012339,Not significant,-0.04961769202011696,0.364
LISA,pop_density_km2,,3105000012682,High-High,0.4198634177000321,0.049
LISA,pop_density_km2,,3105000012343,Not significant,-0.059475775919662355,0.481
LISA,pop_density_km2,,3105000012358,Not significant,0.28905274886595766,0.172
LISA,pop_density_km2,,3105000012362,Not significant,0.08920102403588119,0.285
LISA,pop_density_km2,,3105000012377,Not significant,0.16229843467288996,0.207
LISA,pop_density_km2,,3105000016420,Not significant,0.7837176646819064,0.143
LISA,pop_density_km2,,3105000012381,Not significant,0.0019518712497990868,0.21
LISA,pop_density_km2,,3105000012396,Not significant,0.029083163638803314,0.249
LISA,pop_density_km2,,3105000012409,Not significant,0.1284799365275752,0.16
LISA,pop_density_km2,,3105000012413,Not significant,0.053528109930741925,0.284
LISA,pop_density_km2,,3105000012428,Not significant,0.039645260382038965,0.394
LISA,pop_density_km2,,3105000016736,Low-Low,10.714941206911265,0.017
LISA,pop_density_km2,,3105000012432,Not significant,0.16803236377094136,0.103
LISA,pop_density_km2,,3105000012447,Not significant,0.09203114928512628,0.218
LISA,pop_density_km2,,3105000012451,Not significant,-0.03353111523195588,0.447
LISA,pop_density_km2,,3105000012466,Not significant,0.1876088068126075,0.238
LISA,pop_density_km2,,3105000012470,Not significant,0.011941612377644335,0.429
LISA,pop_density_km2,,310500001249A,Not significant,0.0012303488701399805,0.47
LISA,pop_density_km2,,3105000012502,Not significant,-0.01671388218123786,0.465
LISA,pop_density_km2,,3105000012517,Not significant,0.00506005857144702,0.442
LISA,pop_density_km2,,3105000012697,Not significant,0.02589631328159636,0.102
LISA,pop_density_km2,,3105000012521,Not significant,-0.09368367796153257,0.277
LISA,pop_density_km2,,3105000012540,Not significant,0.02475198224690757,0.451
LISA,pop_density_km2,,3105000012555,Not significant,0.05461398072316633,0.448
LISA,pop_density_km2,,3105000012574,Not significant,0.04383349554007781,0.286
LISA,pop_density_km2,,3105000012589,Not significant,-0.0037780003096104108,0.424
LISA,pop_density_km2,,3105000012593,Not significant,-0.07470519566150675,0.188
LISA,pop_density_km2,,3105000012606,Not significant,0.04899949149259232,0.374
LISA,pop_density_km2,,3105000012610,Not significant,-0.02088087293892791,0.381
LISA,pop_density_km2,,3105000012625,Low-High,-0.38115307858750874,0.012
LISA,pop_density_km2,,310500001263A,High-High,0.28110222998608897,0.013
LISA,pop_density_km2,,3105000012644,Not significant,0.21816611188281226,0.072
LISA,pop_density_km2,,3105000012663,Not significant,0.2597295660988852,0.066
LISA,pop_density_km2,,3105000012678,Not significant,0.371975611602555,0.053
LISA,pop_density_km2,,3105000012856,High-High,0.23525887230551756,0.006
LISA,pop_density_km2,,310500001270A,Not significant,-0.009203479139465169,0.381
LISA,pop_density_km2,,3105000012714,Not significant,0.14061260801153677,0.205
LISA,pop_density_km2,,3105000012729,Not significant,0.060053307178329636,0.397
LISA,pop_density_km2,,3105000012733,Not significant,0.04896730846366345,0.31
LISA,pop_density_km2,,3105000012748,Not significant,0.009739074541979382,0.337
LISA,pop_density_km2,,3105000012771,High-High,0.6785111253741195,0.001
LISA,pop_density_km2,,3105000012786,High-High,0.5859635697261572,0.038
LISA,pop_density_km2,,3105000012803,High-High,0.7029306050532015,0.006
LISA,pop_density_km2,,3105000012818,Not significant,0.23272554717410573,0.143
LISA,pop_density_km2,,3105000012822,Not significant,0.011672874277279697,0.475
LISA,pop_density_km2,,3105000012837,High-High,0.22059764911346189,0.015
LISA,pop_density_km2,,3105000012841,Not significant,0.32213504717206887,0.093
LISA,pop_density_km2,,3105000012860,Not significant,0.19659794770546857,0.075
LISA,pop_density_km2,,3105000012875,Not significant,0.20035231701386297,0.081
LISA,pop_density_km2,,310500001288A,High-High,0.28434439965632,0.022
LISA,pop_density_km2,,3105000012894,High-High,0.5145601191741704,0.003
LISA,pop_density_km2,,3105000012907,High-High,0.7467064687160988,0.036
LISA,pop_density_km2,,3105000012911,Not significant,0.18963495342494757,0.166
LISA,pop_density_km2,,3105000012926,Not significant,0.05527028957827792,0.091
LISA,pop_density_km2,,3105000012930,Not significant,0.1650442506099749,0.322
LISA,pop_density_km2,,3105000012945,Not significant,0.2626256428999893,0.154
LISA,pop_density_km2,,310500001295A,High-High,0.4235641487786494,0.001
LISA,pop_density_km2,,3105000012964,High-High,0.26788806580097235,0.031
LISA,pop_density_km2,,3105000012979,High-High,0.4835445466939541,0.001
LISA,pop_density_km2,,3105000012983,Not significant,0.19002945535278243,0.066
LISA,pop_density_km2,,3105000013676,Not significant,-0.023205742518803644,0.393
LISA,pop_density_km2,,3105000012998,Not significant,0.2350207935802498,0.127
LISA,pop_density_km2,,3105000013002,Low-High,-0.07891043919163887,0.034
LISA,pop_density_km2,,3105000013017,Not significant,0.2602904608785281,0.051
LISA,pop_density_km2,,3105000013021,Not significant,0.2534507191711116,0.123
LISA,pop_density_km2,,3105000013036,Not significant,0.019935754126426328,0.36
LISA,pop_density_km2,,3105000754439,Not significant,-0.28433178620504074,0.433
LISA,pop_density_km2,,3105000013040,Not significant,0.1288562711812116,0.257
LISA,pop_density_km2,,3105000013055,Not significant,-0.11810987963064437,0.059
LISA,pop_density_km2,,310500001306A,Not significant,0.06599831748717021,0.423
LISA,pop_density_km2,,3105000013074,Not significant,-0.2355215802457845,0.1
LISA,pop_density_km2,,3105000013089,Not significant,-0.01590507372102747,0.24
LISA,pop_density_km2,,3105000013093,High-High,0.690314911595773,0.004
LISA,pop_density_km2,,3105000846308,Low-Low,2.430487534461579,0.046
LISA,pop_density_km2,,3105000013106,Not significant,0.3744648640566945,0.055
LISA,pop_density_km2,,3105000013110,Not significant,-0.13991839263981498,0.23
LISA,pop_density_km2,,3105000013125,Not significant,0.03223131642785844,0.478
LISA,pop_density_km2,,310500001313A,Not significant,0.003976066780337673,0.4
LISA,pop_density_km2,,3105000013144,High-High,0.4939890230258849,0.004
LISA,pop_density_km2,,3105000013159,High-High,0.42759204849172305,0.003
LISA,pop_density_km2,,3105000013163,Not significant,0.3613608888123203,0.109
LISA,pop_density_km2,,3105000846933,Not significant,0.15472980421880814,0.218
LISA,pop_density_km2,,3105000013178,High-High,0.5532258997908147,0.003
LISA,pop_density_km2,,3105000013182,High-High,0.4483343578778596,0.038
LISA,pop_density_km2,,3105000013197,High-High,0.36735239855307106,0.042
LISA,pop_density_km2,,310500001320A,Not significant,0.23629423166983782,0.278
LISA,pop_density_km2,,3105000013214,Not significant,0.08501520762005627,0.438
LISA,pop_density_km2,,3105000013233,Not significant,0.13293864566215133,0.166
LISA,pop_density_km2,,3105000013873,Not significant,0.005729862464054126,0.372
LISA,pop_density_km2,,3105000013248,Not significant,-0.03452984215321836,0.343
LISA,pop_density_km2,,3105000013267,Not significant,0.22849960673067982,0.05
LISA,pop_density_km2,,3105000013271,Not significant,0.0652864887527007,0.448
LISA,pop_density_km2,,3105000013286,Not significant,-0.1013698320295282,0.264
LISA,pop_density_km2,,3105000013290,Not significant,0.20075234844592516,0.123
LISA,pop_density_km2,,3105000013303,High-High,0.6119786471925651,0.014
LISA,pop_density_km2,,3105000013341,Not significant,0.0937358647692822,0.065
LISA,pop_density_km2,,3105000013356,Not significant,0.014955996495677911,0.467
LISA,pop_density_km2,,3105000013360,High-High,0.24517424538226476,0.03
LISA,pop_density_km2,,310500001338A,Not significant,0.18711660423950927,0.203
LISA,pop_density_km2,,3105000013394,Not significant,-0.24481265217744816,0.139
LISA,pop_density_km2,,3105000013407,Not significant,-0.13049544207750607,0.134
LISA,pop_density_km2,,3105000013695,Not significant,-0.003781232442202762,0.361
LISA,pop_density_km2,,3105000013411,Not significant,0.276340974897923,0.058
LISA,pop_density_km2,,3105000013426,High-High,0.33061330786514154,0.028
LISA,pop_density_km2,,3105000013430,High-High,0.5212589909423769,0.017
LISA,pop_density_km2,,3105000013445,Not significant,0.28438822146570547,0.122
LISA,pop_density_km2,,310500001345A,Not significant,0.23414252287099954,0.192
LISA,pop_density_km2,,3105000013943,High-High,0.19436485549696605,0.005
LISA,pop_density_km2,,3105000013483,Not significant,0.004804795418632757,0.428
LISA,pop_density_km2,,3105000013500,Not significant,0.040960099223860694,0.333
LISA,pop_density_km2,,3105000013515,High-High,0.3789113195094697,0.004
LISA,pop_density_km2,,3105000013549,Low-Low,27.172447554182753,0.018
LISA,pop_density_km2,,3105000013958,High-High,0.6879853177397015,0.039
LISA,pop_density_km2,,3105000013572,Not significant,0.026674980096795545,0.435
LISA,pop_density_km2,,3105000013587,Not significant,0.3282185295122504,0.091
LISA,pop_density_km2,,3105000013591,Not significant,1.2408492875377015,0.081
LISA,pop_density_km2,,3105000013604,Not significant,-0.05896353820386081,0.345
LISA,pop_density_km2,,3105000013619,Not significant,0.08590473449873477,0.351
LISA,pop_density_km2,,3105000013657,Not significant,-0.016276603552751012,0.115
LISA,pop_density_km2,,3105000013708,Not significant,0.02561026974128804,0.205
LISA,pop_density_km2,,3105000013712,High-High,0.4462184560488081,0.041
LISA,pop_density_km2,,3105000013727,Not significant,0.47631559920429595,0.061
LISA,pop_density_km2,,3105000013746,Not significant,0.08821422439797806,0.326
LISA,pop_density_km2,,3105000013765,Not significant,0.1264221274172219,0.458
LISA,pop_density_km2,,3105000013854,High-High,0.5027015358306031,0.001
LISA,pop_density_km2,,310500001377A,High-High,0.3011528190547625,0.003
LISA,pop_density_km2,,3105000013784,High-High,0.6039135153192419,0.026
LISA,pop_density_km2,,3105000013799,High-High,0.638429348247367,0.002
LISA,pop_density_km2,,3105000013801,High-High,0.6729496892141733,0.009
LISA,pop_density_km2,,310500001384A,High-High,0.2962969540119197,0.033
LISA,pop_density_km2,,3105000013869,High-High,0.27683673345062876,0.033
LISA,pop_density_km2,,3105000013905,Not significant,-0.10217010249368874,0.158
LISA,pop_density_km2,,310500001391A,High-High,0.43655973902200323,0.001
LISA,pop_density_km2,,3105000013939,Not significant,-0.016475298213717373,0.234
LISA,pop_density_km2,,3105000014176,High-High,0.4078073188552674,0.037
LISA,pop_density_km2,,3105000013962,Not significant,0.00023056734332137227,0.448
LISA,pop_density_km2,,3105000013977,Not significant,0.013591074699642667,0.422
LISA,pop_density_km2,,3105000013981,Not significant,0.10179221867833044,0.266
LISA,pop_density_km2,,3105000013996,Not significant,0.13118233843443064,0.163
LISA,pop_density_km2,,3105000014000,High-Low,-0.34530399890957836,0.004
LISA,pop_density_km2,,3105000014015,Not significant,-0.03832495444418622,0.157
LISA,pop_density_km2,,310500001402A,High-Low,-0.009868908745211557,0.021
LISA,pop_density_km2,,3105000014034,High-High,0.4851527525616876,0.049
LISA,pop_density_km2,,3105000014049,Not significant,-0.09873257849280809,0.287
LISA,pop_density_km2,,3105000014068,Not significant,0.013275797735723063,0.336
LISA,pop_density_km2,,3105000014072,Not significant,0.0724989823210003,0.38
LISA,pop_density_km2,,3105000014087,Not significant,0.005808164888757931,0.491
LISA,pop_density_km2,,3105000014091,Not significant,-0.018375438074326584,0.452
LISA,pop_density_km2,,3105000014104,Not significant,-0.01045012855287835,0.351
LISA,pop_density_km2,,3105000014119,Not significant,0.05510872503479266,0.359
LISA,pop_density_km2,,3105000014123,Not significant,0.38333569414687335,0.065
LISA,pop_density_km2,,3105000014138,High-High,0.41380713536341196,0.034
LISA,pop_density_km2,,3105000014142,High-High,1.0885321070049851,0.001
LISA,pop_density_km2,,3105000014157,High-High,0.8031596912231628,0.013
LISA,pop_density_km2,,3105000014161,High-High,0.28072524138922633,0.017
LISA,pop_density_km2,,3105000014528,High-High,0.7175895970454003,0.008
LISA,pop_density_km2,,3105000014180,Not significant,0.055452116825807446,0.395
LISA,pop_density_km2,,3105000014195,Not significant,0.07572433234793872,0.233
LISA,pop_density_km2,,3105000014208,High-High,0.3967963958295198,0.008
LISA,pop_density_km2,,3105000014212,Not significant,0.2565376000445748,0.117
LISA,pop_density_km2,,3105000014227,High-High,0.4930061348160081,0.006
LISA,pop_density_km2,,3105000014231,Not significant,0.3086883930038108,0.196
LISA,pop_density_km2,,3105000014250,High-High,0.2609938569866185,0.002
LISA,pop_density_km2,,3105000014265,High-High,0.2750371812975614,0.001
LISA,pop_density_km2,,310500001427A,Low-Low,2.782008368743335,0.001
LISA,pop_density_km2,,3105000014284,Not significant,0.8659373467656921,0.062
LISA,pop_density_km2,,3105000014299,Low-Low,2.1584992471681397,0.011
LISA,pop_density_km2,,3105000014301,Not significant,0.45723413319937645,0.186
LISA,pop_density_km2,,3105000014316,Not significant,0.3990752472763763,0.15
LISA,pop_density_km2,,3105000014320,Low-High,-0.14240183707475573,0.024
LISA,pop_density_km2,,3105000014335,High-High,0.2782704275392907,0.001
LISA,pop_density_km2,,3105000014354,Not significant,-0.040775324414411354,0.338
LISA,pop_density_km2,,3105000014462,Not significant,0.036100913835990275,0.287
LISA,pop_density_km2,,3105000014477,Low-Low,1.9366824130979259,0.01
LISA,pop_density_km2,,3105000014481,Not significant,0.313758429384032,0.052
LISA,pop_density_km2,,3105000014496,High-High,0.38600458735179277,0.017
LISA,pop_density_km2,,3105000014509,Not significant,0.19820848863690066,0.123
LISA,pop_density_km2,,3105000014513,Not significant,0.3459393320030527,0.149
LISA,pop_density_km2,,3105000014532,Not significant,0.2703502734925816,0.178
LISA,pop_density_km2,,3105000014547,Not significant,0.36725718094766163,0.254
LISA,pop_density_km2,,3105000014566,Not significant,-0.0006070619737266029,0.427
LISA,pop_density_km2,,3105000014570,Not significant,0.1217583249057583,0.32
LISA,pop_density_km2,,3105000014585,Not significant,0.15645212440482967,0.169
LISA,pop_density_km2,,3105000014602,Not significant,0.03625678700401261,0.245
LISA,pop_density_km2,,3105000014617,Not significant,0.010589874181109437,0.472
LISA,pop_density_km2,,3105000014621,Not significant,0.02663623195833257,0.436
LISA,pop_density_km2,,3105000014636,Not significant,0.3646912524701721,0.051
LISA,pop_density_km2,,3105000014640,Not significant,0.14572006288084488,0.072
LISA,pop_density_km2,,310500001466A,Not significant,-0.07667513148364602,0.267
LISA,pop_density_km2,,3105000014674,Low-Low,1.3825915512401559,0.003
LISA,pop_density_km2,,3105000014744,Not significant,0.43630288504868014,0.345
LISA,pop_density_km2,,3105000014689,Not significant,0.24857761317592378,0.12
LISA,pop_density_km2,,3105000014693,High-High,0.32924305360566786,0.028
LISA,pop_density_km2,,3105000014706,Not significant,0.5232757097472596,0.076
LISA,pop_density_km2,,3105000014710,Not significant,-0.020107591160727748,0.371
LISA,pop_density_km2,,3105000014725,Not significant,-0.03559050681565743,0.185
LISA,pop_density_km2,,310500001473A,Not significant,0.08570892709862835,0.296
LISA,pop_density_km2,,3105000014759,Not significant,0.018676326125144367,0.412
LISA,pop_density_km2,,3105000014763,Not significant,-0.014626790079573791,0.345
LISA,pop_density_km2,,3105000014778,Not significant,-0.10474357272199418,0.24
LISA,pop_density_km2,,3105000014814,High-High,0.3381027948984718,0.011
LISA,pop_density_km2,,3105000014829,Not significant,0.4611003113243829,0.08
LISA,pop_density_km2,,3105000014833,Not significant,-0.018392613020039212,0.335
LISA,pop_density_km2,,3105000014848,Not significant,0.0069355065767010395,0.333
LISA,pop_density_km2,,3105000014852,Not significant,0.01661237464332711,0.303
LISA,pop_density_km2,,3105000014867,Not significant,0.06300003648421196,0.36
LISA,pop_density_km2,,3105000014871,Low-Low,1.7193113279494394,0.028
LISA,pop_density_km2,,3105000014886,High-High,0.4802285040739864,0.045
LISA,pop_density_km2,,3105000014890,High-High,0.3278261026186743,0.037
LISA,pop_density_km2,,3105000014903,High-Low,-0.10507644042375233,0.007
LISA,pop_density_km2,,3105000014937,Not significant,1.5408365186435418,0.115
LISA,pop_density_km2,,3105000014960,Not significant,1.2271286518249127,0.066
LISA,pop_density_km2,,3105000014975,Not significant,0.34903107014159074,0.23
LISA,pop_density_km2,,310500001498A,Not significant,0.5162318757701959,0.178
LISA,pop_density_km2,,3105000014994,Not significant,-0.025497494092573167,0.303
LISA,pop_density_km2,,3105000015009,Not significant,0.00437071475078626,0.299
LISA,pop_density_km2,,3105000015013,Not significant,0.08039610281394165,0.289
LISA,pop_density_km2,,3105000015028,Not significant,0.09467426338668523,0.33
LISA,pop_density_km2,,3105000015032,Not significant,0.3693625305698942,0.065
LISA,pop_density_km2,,3105000015047,Not significant,-0.08894315131147837,0.144
LISA,pop_density_km2,,3105000015051,Not significant,-0.0275579856611639,0.429
LISA,pop_density_km2,,3105000015066,Not significant,0.022801957503290636,0.267
LISA,pop_density_km2,,3105000015070,High-High,0.3280534022358952,0.007
LISA,pop_density_km2,,3105000015085,Not significant,0.2293636117784278,0.151
LISA,pop_density_km2,,310500001509A,Not significant,0.05373764447458606,0.487
LISA,pop_density_km2,,3105000015102,Not significant,0.11544659651304667,0.422
LISA,pop_density_km2,,3105000015117,Not significant,0.058211378074541596,0.325
LISA,pop_density_km2,,3105000015121,Not significant,0.1218033428978761,0.137
LISA,pop_density_km2,,3105000015969,Not significant,0.25852795797321865,0.204
LISA,pop_density_km2,,3105000015136,High-High,0.6162233601020844,0.007
LISA,pop_density_km2,,3105000015140,Not significant,0.2641433302086438,0.234
LISA,pop_density_km2,,3105000015155,Not significant,0.0868628228133114,0.398
LISA,pop_density_km2,,310500001516A,Not significant,-0.00125401432656959,0.389
LISA,pop_density_km2,,3105000015174,Not significant,-0.19051521840753644,0.14
LISA,pop_density_km2,,3105000015189,Not significant,-0.09975476194923416,0.18
LISA,pop_density_km2,,3105000015973,Not significant,-0.0005104197209191332,0.4
LISA,pop_density_km2,,3105000015210,Not significant,0.19012569209644548,0.192
LISA,pop_density_km2,,3105000015225,Not significant,0.10479119110738652,0.135
LISA,pop_density_km2,,310500001523A,Not significant,0.010372733738603966,0.44
LISA,pop_density_km2,,3105000015244,Not significant,-0.007847955320319634,0.353
LISA,pop_density_km2,,3105000015259,Not significant,-0.04213409656422088,0.349
LISA,pop_density_km2,,3105000015672,High-High,0.455885455844012,0.025
LISA,pop_density_km2,,3105000015263,Not significant,0.010886397287343145,0.461
LISA,pop_density_km2,,3105000015278,Not significant,0.1460083228876646,0.29
LISA,pop_density_km2,,3105000015282,Not significant,0.20206166187823488,0.234
LISA,pop_density_km2,,3105000015297,Low-High,-0.028925242059492408,0.018
LISA,pop_density_km2,,310500001530A,Not significant,0.17543166472424168,0.214
LISA,pop_density_km2,,3105000015314,High-High,0.31502983095755294,0.019
LISA,pop_density_km2,,3105000015329,High-High,0.3133950684030619,0.024
LISA,pop_density_km2,,3105000015333,Not significant,0.06995736564559268,0.49
LISA,pop_density_km2,,3105000015348,Not significant,0.0775220419571653,0.453
LISA,pop_density_km2,,3105000015386,Low-Low,5.857684356960721,0.012
LISA,pop_density_km2,,3105000015390,Low-Low,3.19732069860011,0.039
LISA,pop_density_km2,,3105000015418,Not significant,-0.2145868597091972,0.149
LISA,pop_density_km2,,3105000015422,Not significant,0.07416723366585605,0.36
LISA,pop_density_km2,,3105000015437,Not significant,0.05357116535817474,0.459
LISA,pop_density_km2,,3105000015687,High-High,0.4779772702887649,0.005
LISA,pop_density_km2,,3105000015441,Not significant,0.21610376472001494,0.071
LISA,pop_density_km2,,3105000015456,Not significant,-0.04051223530329581,0.371
LISA,pop_density_km2,,3105000015460,Not significant,0.05005307718791342,0.48
LISA,pop_density_km2,,3105000015475,Not significant,0.05600644296502959,0.485
LISA,pop_density_km2,,310500001548A,Not significant,-0.22951432105196606,0.142
LISA,pop_density_km2,,3105000015494,Not significant,-0.16985753358382782,0.056
LISA,pop_density_km2,,3105000015511,Not significant,-0.054401622018978885,0.334
LISA,pop_density_km2,,3105000015935,Not significant,-0.005478713763008257,0.492
LISA,pop_density_km2,,3105000015526,Low-Low,0.36501581297877195,0.042
LISA,pop_density_km2,,3105000015579,Not significant,0.12325234881319332,0.222
LISA,pop_density_km2,,3105000015583,Not significant,0.020998541073436953,0.231
LISA,pop_density_km2,,3105000015634,Not significant,0.15590833612210564,0.256
LISA,pop_density_km2,,3105000015649,Not significant,0.30017243144796174,0.231
LISA,pop_density_km2,,3105000015598,Not significant,0.01030031959235124,0.341
LISA,pop_density_km2,,3105000015600,Not significant,0.03378036626025097,0.239
LISA,pop_density_km2,,310500001562A,Not significant,0.35523842713051396,0.13
LISA,pop_density_km2,,310500001594A,Not significant,0.33251387456891357,0.075
LISA,pop_density_km2,,3105000015691,Not significant,0.2287961767820298,0.2
LISA,pop_density_km2,,3105000015704,Not significant,0.18749955431521292,0.195
LISA,pop_density_km2,,3105000015719,Not significant,0.1870463246024251,0.274
LISA,pop_density_km2,,3105000015723,High-High,0.3025296660250234,0.043
LISA,pop_density_km2,,3105000015738,Not significant,0.25874554500251506,0.091
LISA,pop_density_km2,,3105000015742,Not significant,-0.02798859117627342,0.321
LISA,pop_density_km2,,3105000015757,Not significant,-0.11090921714364059,0.174
LISA,pop_density_km2,,3105000015761,Not significant,0.23795892456536574,0.188
LISA,pop_density_km2,,3105000015776,High-Low,-0.26988230637787175,0.035
LISA,pop_density_km2,,3105000015780,High-High,0.2874976599672614,0.006
LISA,pop_density_km2,,3105000015795,High-High,0.20466142638342044,0.01
LISA,pop_density_km2,,3105000015808,Not significant,0.35014785805154985,0.074
LISA,pop_density_km2,,3105000015812,High-High,0.23306776515395072,0.025
LISA,pop_density_km2,,3105000015827,Not significant,0.26507174767358543,0.152
LISA,pop_density_km2,,3105000015831,Not significant,0.14869889750713433,0.354
LISA,pop_density_km2,,3105000015846,Not significant,0.06232950498011103,0.263
LISA,pop_density_km2,,3105000015850,Not significant,-0.034102300600609654,0.345
LISA,pop_density_km2,,3105000015865,Not significant,0.02177644563676911,0.271
LISA,pop_density_km2,,310500001587A,Not significant,-0.10321060048524082,0.344
LISA,pop_density_km2,,3105000015884,Not significant,0.09415176847960348,0.26
LISA,pop_density_km2,,3105000015899,Not significant,1.053702221297158,0.063
LISA,pop_density_km2,,3105000015916,Not significant,0.20770843181651868,0.093
LISA,pop_density_km2,,3105000015920,Not significant,0.7640200571411407,0.063
LISA,pop_density_km2,,3105000015988,Not significant,0.09125374527909913,0.346
LISA,pop_density_km2,,3105000015992,Not significant,-0.09388020048181107,0.376
LISA,pop_density_km2,,3105000016007,Not significant,0.4930357348559615,0.064
LISA,pop_density_km2,,3105000016030,Not significant,-0.0271014712900677,0.313
LISA,pop_density_km2,,3105000016045,Not significant,-0.05293523395893633,0.336
LISA,pop_density_km2,,310500001605A,Not significant,0.08590930846543565,0.228
LISA,pop_density_km2,,310500001612A,Not significant,-0.42125847779152376,0.066
LISA,pop_density_km2,,3105000016064,Not significant,-0.018181093113146155,0.449
LISA,pop_density_km2,,3105000016079,Not significant,0.012758692133621748,0.444
LISA,pop_density_km2,,3105000016083,Low-Low,0.9294611217034049,0.045
LISA,pop_density_km2,,3105000016098,Not significant,1.6773677944796692,0.078
LISA,pop_density_km2,,3105000016100,Low-Low,1.5699379331177663,0.044
LISA,pop_density_km2,,3105000016115,High-Low,-0.5854675364004697,0.048
LISA,pop_density_km2,,3105000016134,Not significant,0.09132096276791203,0.227
LISA,pop_density_km2,,3105000016149,Not significant,0.008231004077866987,0.436
LISA,pop_density_km2,,3105000016153,High-High,0.46673305066214654,0.043
LISA,pop_density_km2,,3105000016168,Low-Low,7.4135644906815505,0.017
LISA,pop_density_km2,,3105000016172,Not significant,0.08522854523510803,0.451
LISA,pop_density_km2,,3105000016187,Not significant,0.1925405958700924,0.38
LISA,pop_density_km2,,3105000016191,Not significant,-0.030489370546126687,0.295
LISA,pop_density_km2,,3105000016204,Not significant,-2.6459298383167256,0.363
LISA,pop_density_km2,,3105000016219,Not significant,-0.2514696130171806,0.424
LISA,pop_density_km2,,3105000016223,Not significant,5.075639736093426,0.085
LISA,pop_density_km2,,3105000016238,Not significant,0.33868973119164486,0.119
LISA,pop_density_km2,,3105000016242,Low-Low,6.987756090781014,0.039
LISA,pop_density_km2,,3105000016416,Not significant,0.3156357865844525,0.121
LISA,pop_density_km2,,3105000016257,Not significant,2.3968543637801214,0.088
LISA,pop_density_km2,,3105000016261,Low-Low,1.2077197896095109,0.023
LISA,pop_density_km2,,3105000016350,Not significant,1.029712995417567,0.147
LISA,pop_density_km2,,3105000016365,High-High,0.4757678433756584,0.003
LISA,pop_density_km2,,310500001637A,High-High,0.6627204948991895,0.004
LISA,pop_density_km2,,3105000016384,High-High,0.6674312527311617,0.005
LISA,pop_density_km2,,3105000016399,High-High,0.18698462051874074,0.005
LISA,pop_density_km2,,3105000016401,High-High,0.36591937771593475,0.008
LISA,pop_density_km2,,3105000016435,Low-Low,0.6674201642493527,0.026
LISA,pop_density_km2,,310500001644A,Not significant,1.3554397997825722,0.106
LISA,pop_density_km2,,3105000016454,Not significant,0.07158806839721508,0.458
LISA,pop_density_km2,,3105000016469,Not significant,0.11226411227855061,0.432
LISA,pop_density_km2,,3105000016473,Not significant,0.18571689496852997,0.099
LISA,pop_density_km2,,3105000016488,Not significant,0.02949537464815653,0.465
LISA,pop_density_km2,,3105000016492,Not significant,-0.09227175554152756,0.089
LISA,pop_density_km2,,3105000016505,Not significant,0.15410115486055245,0.171
LISA,pop_density_km2,,310500001651A,Not significant,-0.19077634859703269,0.127
LISA,pop_density_km2,,3105000016524,Not significant,0.17378360654927974,0.413
LISA,pop_density_km2,,3105000016539,Not significant,0.005254892599751231,0.386
LISA,pop_density_km2,,3105000016543,Not significant,-0.032453310015907545,0.161
LISA,pop_density_km2,,3105000016558,Not significant,0.35276375059728926,0.101
LISA,pop_density_km2,,3105000016581,Not significant,0.8307270592789391,0.217
LISA,pop_density_km2,,3105000016613,Not significant,0.40786433031106983,0.093
LISA,pop_density_km2,,3105000016628,Not significant,-0.11600887320088987,0.123
LISA,pop_density_km2,,3105000016632,High-High,0.3348166123622831,0.039
LISA,pop_density_km2,,3105000016647,Not significant,0.4242918687764046,0.06
LISA,pop_density_km2,,3105000016651,High-High,0.28066221226082816,0.013
LISA,pop_density_km2,,3105000016666,Not significant,0.2430581622943463,0.322
LISA,pop_density_km2,,3105000016670,Not significant,0.004118538929266828,0.398
LISA,pop_density_km2,,3105000930135,Not significant,0.5343846351898477,0.255
LISA,pop_density_km2,,310500001669A,Not significant,0.08624773348996786,0.087
LISA,pop_density_km2,,3105000016702,Not significant,-0.04832291706619323,0.234
LISA,pop_density_km2,,3105000016717,Not significant,0.17159483432348197,0.277
LISA,pop_density_km2,,3105000016721,Not significant,0.39731994543520666,0.077
LISA,pop_density_km2,,3105000016740,Not significant,0.2184751742050112,0.134
LISA,pop_density_km2,,3105000016755,Not significant,0.11882139956497946,0.178
LISA,pop_density_km2,,310500001676A,Not significant,0.08682831737690451,0.372
LISA,pop_density_km2,,3105000016774,Not significant,0.12385405368595397,0.345
LISA,pop_density_km2,,3105000016789,Not significant,0.8399234655162136,0.082
LISA,pop_density_km2,,3105000016793,Not significant,-0.012078651446306632,0.367
LISA,pop_density_km2,,3105000016806,Not significant,0.26860078240707413,0.055
LISA,pop_density_km2,,3105001116276,Not significant,0.33879443060547687,0.215
LISA,pop_density_km2,,3105000016810,Not significant,0.15466413591453965,0.32
LISA,pop_density_km2,,3105000016825,Not significant,0.17003578797055224,0.166
LISA,pop_density_km2,,310500001683A,Not significant,0.1770038625313342,0.134
LISA,pop_density_km2,,3105000016844,Not significant,-0.0006898820374655104,0.329
LISA,pop_density_km2,,3105000016859,Not significant,0.09995234140088152,0.463
LISA,pop_density_km2,,3105000016863,Not significant,-0.10003409836136298,0.302
LISA,pop_density_km2,,3105000016878,High-High,0.2433458042123103,0.042
LISA,pop_density_km2,,3105001116280,Not significant,0.6385064308437681,0.115
LISA,pop_density_km2,,3105000016882,Not significant,0.05648338273650931,0.428
LISA,pop_density_km2,,3105000016897,Not significant,-0.2034470817015311,0.225
LISA,pop_density_km2,,310500001690A,Not significant,0.3878703335937243,0.07
LISA,pop_density_km2,,3105000016914,Not significant,0.010122864533902641,0.379
LISA,pop_density_km2,,3105000016929,Not significant,0.39068952867369977,0.063
LISA,pop_density_km2,,3105000016948,Not significant,0.3088545582669526,0.249
LISA,pop_density_km2,,3105000016952,Not significant,0.18623428037219805,0.074
LISA,pop_density_km2,,3105000016967,Not significant,0.25328288088752926,0.182
LISA,pop_density_km2,,3105000016971,Not significant,-0.0037060155874412528,0.309
LISA,pop_density_km2,,3105000016986,Not significant,-0.16769627587449815,0.19
LISA,pop_density_km2,,3105000016990,High-High,0.38056198953074916,0.047
LISA,pop_density_km2,,3105000017005,Not significant,0.4510244944946485,0.096
LISA,pop_density_km2,,310500001701A,Not significant,0.8884404663376579,0.158
LISA,pop_density_km2,,3105000017024,Not significant,0.05709544229829237,0.323
LISA,pop_density_km2,,3105000017043,Not significant,0.35383262388012815,0.133
LISA,pop_density_km2,,310500075441A,Not significant,0.20164397267338008,0.232
LISA,pop_density_km2,,3105000754424,Not significant,0.802508297433318,0.072
LISA,pop_density_km2,,3105000754443,Low-Low,0.16343457249095356,0.038
LISA,pop_density_km2,,3105000754458,Not significant,-0.011439239751795604,0.461
LISA,pop_density_km2,,3105000755564,Not significant,1.310907682995265,0.083
LISA,pop_density_km2,,3105000756011,Not significant,1.124190243858721,0.086
LISA,pop_density_km2,,3105000756026,Not significant,0.40691444559383483,0.113
LISA,pop_density_km2,,3105000756562,Not significant,0.22678607235609857,0.105
LISA,pop_density_km2,,3105000756577,Not significant,-0.08811925823395263,0.321
LISA,pop_density_km2,,3105001116295,Not significant,0.6745750217203679,0.136
LISA,pop_density_km2,,3105000774388,Not significant,0.10072181904836361,0.078
LISA,pop_density_km2,,3105000774392,Low-Low,0.6063993480749269,0.018
LISA,pop_density_km2,,3105000774941,Not significant,0.484470960120171,0.234
LISA,pop_density_km2,,3105000774956,Not significant,1.169775437889443,0.168
LISA,pop_density_km2,,3105000775530,Not significant,0.34380897677504363,0.209
LISA,pop_density_km2,,3105000776312,Not significant,0.22164189404991178,0.154
LISA,pop_density_km2,,3105000776327,Not significant,0.7029674334874032,0.053
LISA,pop_density_km2,,3105000776331,Not significant,0.8103659143576788,0.187
LISA,pop_density_km2,,3105000842184,Not significant,1.0570824182185221,0.091
LISA,pop_density_km2,,3105000842199,Not significant,0.0884621526742269,0.056
LISA,pop_density_km2,,3105000843568,Not significant,0.3569219418388002,0.219
LISA,pop_density_km2,,3105000844053,Not significant,0.11582056197452109,0.094
LISA,pop_density_km2,,3105000844373,Not significant,1.303463305504036,0.069
LISA,pop_density_km2,,3105000845193,Not significant,0.22126201278212332,0.107
LISA,pop_density_km2,,3105000845206,Not significant,0.25519607080904605,0.081
LISA,pop_density_km2,,3105000845367,Not significant,0.15472980421880816,0.203
LISA,pop_density_km2,,3105000845545,Not significant,1.9215137177877724,0.059
LISA,pop_density_km2,,3105000845954,Not significant,0.6982396281666581,0.09
LISA,pop_density_km2,,3105000932127,Low-Low,0.39915674163945714,0.001
LISA,pop_density_km2,,3105000933816,Low-Low,3.3718331310068916,0.009
LISA,pop_density_km2,,3105000933820,Not significant,0.598476782177901,0.27
LISA,pop_density_km2,,310500093555A,Not significant,0.7351259966608279,0.158
LISA,pop_density_km2,,3105000935653,Not significant,0.5222602489584107,0.134
LISA,pop_density_km2,,3105000935668,Low-Low,0.34823726471085004,0.015
LISA,pop_density_km2,,3105000936346,Not significant,3.8243840222609697,0.112
LISA,pop_density_km2,,3105001114405,Not significant,0.3510983281937951,0.074
LISA,business_density_km2,,3105000010027,Not significant,0.2335165796113439,0.229
LISA,business_density_km2,,3105000010031,Not significant,0.13042878039654193,0.244
LISA,business_density_km2,,3105000010120,High-High,0.7762399957160326,0.004
LISA,business_density_km2,,3105000010154,Not significant,0.3524870044577423,0.211
LISA,business_density_km2,,3105000010169,High-High,0.6460962567773859,0.001
LISA,business_density_km2,,3105000010188,High-High,0.38377173782936275,0.009
LISA,business_density_km2,,310500001021A,High-High,0.3376102163314911,0.017
LISA,business_density_km2,,3105000010224,High-High,0.5509941697152249,0.002
LISA,business_density_km2,,3105000010262,High-High,0.2614484746169619,0.011
LISA,business_density_km2,,3105000010277,Not significant,0.036073965040919545,0.39
LISA,business_density_km2,,3105000010281,Not significant,0.46869974354652816,0.11
LISA,business_density_km2,,3105000010455,High-High,1.8357931557783072,0.001
LISA,business_density_km2,,3105000010296,High-High,0.3937640834945568,0.008
LISA,business_density_km2,,3105000010309,Not significant,0.2987230301264818,0.102
LISA,business_density_km2,,3105000010313,High-High,0.4815165573356334,0.006
LISA,business_density_km2,,3105000010328,High-High,0.7505690459482288,0.001
LISA,business_density_km2,,3105000010332,High-High,0.3246271633144926,0.003
LISA,business_density_km2,,3105000010347,High-High,0.360536473894618,0.02
LISA,business_density_km2,,3105000010366,High-High,0.24419682437020016,0.021
LISA,business_density_km2,,310500001039A,Not significant,0.41616076783503625,0.064
LISA,business_density_km2,,3105000010402,Not significant,0.3003300318176148,0.127
LISA,business_density_km2,,3105000010417,Not significant,0.20666470047542193,0.189
LISA,business_density_km2,,3105000010421,High-High,0.31128244179401066,0.032
LISA,business_density_km2,,3105000010436,High-High,0.5936617140907797,0.007
LISA,business_density_km2,,3105000010440,High-High,1.8596087214214334,0.001
LISA,business_density_km2,,3105000010474,Not significant,0.16297795854809813,0.255
LISA,business_density_km2,,3105000010489,High-High,0.46045152374104353,0.017
LISA,business_density_km2,,3105000010493,High-High,0.5130028285950212,0.001
LISA,business_density_km2,,3105000010506,High-High,1.8458227797925844,0.001
LISA,business_density_km2,,3105000010510,High-High,2.7179859600357066,0.001
LISA,business_density_km2,,3105000010525,High-High,0.9836160428258488,0.001
LISA,business_density_km2,,310500001053A,High-High,0.34594926298526796,0.01
LISA,business_density_km2,,3105000010544,Not significant,0.416921813002527,0.054
LISA,business_density_km2,,3105000010559,Not significant,0.14641924494030215,0.259
LISA,business_density_km2,,3105000010563,High-High,0.2658022003048115,0.011
LISA,business_density_km2,,3105000010597,Not significant,0.3328296397983736,0.067
LISA,business_density_km2,,310500001060A,High-High,0.39172576649014423,0.003
LISA,business_density_km2,,3105000010614,High-High,0.6458851094755708,0.001
LISA,business_density_km2,,3105000010629,High-High,0.6699712124143183,0.001
LISA,business_density_km2,,3105000010633,High-High,0.5793924280390743,0.001
LISA,business_density_km2,,3105000010648,High-High,0.38705491976995204,0.007
LISA,business_density_km2,,3105000010652,High-High,0.45924683805756134,0.049
LISA,business_density_km2,,3105000010667,High-High,0.36330865723780936,0.038
LISA,business_density_km2,,3105000010671,High-High,0.3378033097529277,0.025
LISA,business_density_km2,,3105000010686,High-High,0.40859025426753565,0.016
LISA,business_density_km2,,3105000010718,High-High,0.3113279186620792,0.003
LISA,business_density_km2,,3105000010737,High-High,0.4826240058293373,0.03
LISA,business_density_km2,,3105000011608,High-High,0.3841794232161245,0.006
LISA,business_density_km2,,3105000010741,High-High,0.43902875328798824,0.023
LISA,business_density_km2,,3105000010756,High-High,0.40151386344491524,0.004
LISA,business_density_km2,,3105000010760,Not significant,0.4421363012266322,0.053
LISA,business_density_km2,,310500001078A,Not significant,-0.3753281864173087,0.104
LISA,business_density_km2,,3105000010807,Not significant,0.2711405102037066,0.163
LISA,business_density_km2,,3105000010826,Not significant,0.16023796861143658,0.226
LISA,business_density_km2,,3105000010845,Not significant,0.14641924494030217,0.187
LISA,business_density_km2,,310500001085A,Not significant,0.0387147419323527,0.227
LISA,business_density_km2,,3105000010864,Not significant,2.4741025193740125,0.154
LISA,business_density_km2,,3105000010879,Not significant,0.03309065250947529,0.475
LISA,business_density_km2,,3105000011218,High-High,0.5889203858978603,0.002
LISA,business_density_km2,,3105000011241,High-High,0.6819526572083106,0.004
LISA,business_density_km2,,3105000011631,Not significant,0.28234455781077517,0.095
LISA,business_density_km2,,3105000011345,Not significant,-0.004810893120991138,0.25
LISA,business_density_km2,,3105000011453,Not significant,0.15192426179972637,0.14
LISA,business_density_km2,,3105000011468,Not significant,0.020306653541363944,0.094
LISA,business_density_km2,,3105000011472,Not significant,0.47580715670927426,0.05
LISA,business_density_km2,,3105000011487,Not significant,0.29062906871992167,0.107
LISA,business_density_km2,,3105000011504,Not significant,0.4061421442908015,0.053
LISA,business_density_km2,,3105000011523,Not significant,0.01932509577420162,0.273
LISA,business_density_km2,,3105000011542,Not significant,-0.03572724160011986,0.335
LISA,business_density_km2,,3105000011557,Not significant,-0.013903168198705683,0.462
LISA,business_density_km2,,3105000011561,Not significant,0.14716042737161972,0.179
LISA,business_density_km2,,3105000011576,Not significant,-0.006572155892889208,0.426
LISA,business_density_km2,,3105000011650,Not significant,0.1050246359108116,0.2
LISA,business_density_km2,,3105000011665,Not significant,-0.005007173628038786,0.325
LISA,business_density_km2,,3105000011684,Not significant,-1.1752849786924864,0.086
LISA,business_density_km2,,3105000011699,Not significant,0.17815180330699956,0.067
LISA,business_density_km2,,3105000011716,Not significant,0.1931277715826669,0.13
LISA,business_density_km2,,3105000011773,High-High,0.6350894330872016,0.004
LISA,business_density_km2,,3105000011805,Not significant,0.13828896933653634,0.108
LISA,business_density_km2,,310500001181A,Not significant,0.17097805634734792,0.324
LISA,business_density_km2,,3105000011824,Not significant,0.11166672104742147,0.35
LISA,business_density_km2,,3105000011843,Not significant,0.012819091067987424,0.458
LISA,business_density_km2,,3105000011858,Not significant,0.11776793217532515,0.33
LISA,business_density_km2,,3105000012220,High-High,0.0773576529147266,0.032
LISA,business_density_km2,,3105000011913,Not significant,0.1271472515458309,0.167
LISA,business_density_km2,,310500001199A,Not significant,0.2778330483680832,0.127
LISA,business_density_km2,,3105000012080,Not significant,0.4010363240266365,0.065
LISA,business_density_km2,,3105000012201,Not significant,0.0435267072097561,0.399
LISA,business_density_km2,,3105000012216,Low-High,-0.1516157771246637,0.034
LISA,business_density_km2,,3105000012235,High-High,0.6659446842502866,0.01
LISA,business_density_km2,,310500001224A,Not significant,0.024367965549850996,0.284
LISA,business_density_km2,,3105000012254,Not significant,0.20706018966447678,0.183
LISA,business_density_km2,,3105000012269,Not significant,0.42933968345095636,0.078
LISA,business_density_km2,,3105000012273,Not significant,0.30701211652924815,0.113
LISA,business_density_km2,,3105000012485,High-High,0.42491547435626364,0.011
LISA,business_density_km2,,3105000012288,Not significant,0.38629616059200417,0.052
LISA,business_density_km2,,3105000012292,Not significant,0.23766578161397414,0.064
LISA,business_density_km2,,310500001231A,High-High,0.476354643441902,0.043
LISA,business_density_km2,,3105000012324,Not significant,0.3305975763856292,0.258
LISA,business_density_km2,,3105000012339,Not significant,0.6281633947980718,0.058
LISA,business_density_km2,,3105000012682,High-High,0.4346798599266009,0.01
LISA,business_density_km2,,3105000012343,Not significant,0.39430179035895985,0.206
LISA,business_density_km2,,3105000012358,High-High,0.7122507250492721,0.005
LISA,business_density_km2,,3105000012362,High-High,0.9617241080171871,0.004
LISA,business_density_km2,,3105000012377,High-High,0.7279701644616898,0.007
LISA,business_density_km2,,3105000016420,Not significant,0.24744299231662376,0.204
LISA,business_density_km2,,3105000012381,High-High,0.8790142385040395,0.001
LISA,business_density_km2,,3105000012396,High-High,0.3643734316939488,0.003
LISA,business_density_km2,,3105000012409,High-High,0.41001414661599545,0.013
LISA,business_density_km2,,3105000012413,Not significant,0.189795528730983,0.138
LISA,business_density_km2,,3105000012428,Not significant,0.2077687265385251,0.228
LISA,business_density_km2,,3105000016736,Not significant,1.7229222038815417,0.151
LISA,business_density_km2,,3105000012432,High-High,0.469775121737573,0.012
LISA,business_density_km2,,3105000012447,Not significant,0.6089328845446177,0.051
LISA,business_density_km2,,3105000012451,High-High,0.1726242224324775,0.041
LISA,business_density_km2,,3105000012466,Not significant,0.06420069461546615,0.135
LISA,business_density_km2,,3105000012470,Not significant,0.009935603935701347,0.17
LISA,business_density_km2,,310500001249A,High-High,0.2867098424138771,0.04
LISA,business_density_km2,,3105000012502,Not significant,0.14880620379834192,0.063
LISA,business_density_km2,,3105000012517,High-High,0.515593673598828,0.004
LISA,business_density_km2,,3105000012697,Not significant,0.01153544207798871,0.492
LISA,business_density_km2,,3105000012521,Not significant,0.12642884760551404,0.345
LISA,business_density_km2,,3105000012540,High-High,0.3443462282597753,0.037
LISA,business_density_km2,,3105000012555,Not significant,0.40053511092661787,0.115
LISA,business_density_km2,,3105000012574,Not significant,0.07379489998091522,0.335
LISA,business_density_km2,,3105000012589,Not significant,0.11377894031890401,0.121
LISA,business_density_km2,,3105000012593,High-High,0.14389125000497513,0.004
LISA,business_density_km2,,3105000012606,Not significant,0.8867772628681356,0.053
LISA,business_density_km2,,3105000012610,Not significant,0.08794947182944889,0.487
LISA,business_density_km2,,3105000012625,Low-High,-0.0791992136064052,0.03
LISA,business_density_km2,,310500001263A,High-High,0.43540784857426373,0.038
LISA,business_density_km2,,3105000012644,High-High,0.46611208517793373,0.006
LISA,business_density_km2,,3105000012663,Not significant,0.17424833103887993,0.065
LISA,business_density_km2,,3105000012678,Not significant,0.4760145306095223,0.057
LISA,business_density_km2,,3105000012856,High-High,0.6058576941894835,0.004
LISA,business_density_km2,,310500001270A,Not significant,0.10869108891234634,0.471
LISA,business_density_km2,,3105000012714,High-High,0.5762984268623488,0.006
LISA,business_density_km2,,3105000012729,High-High,0.6750580828526315,0.005
LISA,business_density_km2,,3105000012733,High-High,0.40881493811020475,0.003
LISA,business_density_km2,,3105000012748,Low-High,-0.1510350533834151,0.018
LISA,business_density_km2,,3105000012771,Not significant,0.3182565037466439,0.161
LISA,business_density_km2,,3105000012786,Not significant,0.3987335318602129,0.065
LISA,business_density_km2,,3105000012803,Not significant,0.2744703663508821,0.184
LISA,business_density_km2,,3105000012818,Not significant,0.36266861050356464,0.084
LISA,business_density_km2,,3105000012822,Not significant,0.04708263530243865,0.479
LISA,business_density_km2,,3105000012837,High-High,0.3664127600941713,0.043
LISA,business_density_km2,,3105000012841,High-High,0.5245281427412238,0.024
LISA,business_density_km2,,3105000012860,Not significant,0.300197047504476,0.081
LISA,business_density_km2,,3105000012875,High-High,0.306182336630371,0.034
LISA,business_density_km2,,310500001288A,Not significant,0.1900869925669555,0.074
LISA,business_density_km2,,3105000012894,High-High,0.5248043982160364,0.005
LISA,business_density_km2,,3105000012907,Not significant,0.331546461368048,0.133
LISA,business_density_km2,,3105000012911,High-High,0.38696564873840733,0.022
LISA,business_density_km2,,3105000012926,High-High,0.3572027156314255,0.016
LISA,business_density_km2,,3105000012930,Not significant,0.460782776724294,0.114
LISA,business_density_km2,,3105000012945,High-High,0.38482107575112906,0.006
LISA,business_density_km2,,310500001295A,High-High,0.3614665801955825,0.001
LISA,business_density_km2,,3105000012964,High-High,0.3051715122218405,0.027
LISA,business_density_km2,,3105000012979,High-High,0.5904266265357838,0.004
LISA,business_density_km2,,3105000012983,Not significant,0.2932912261056188,0.071
LISA,business_density_km2,,3105000013676,Not significant,0.08644420302211296,0.361
LISA,business_density_km2,,3105000012998,Not significant,0.23844544701084325,0.104
LISA,business_density_km2,,3105000013002,Not significant,-0.035107779091242755,0.088
LISA,business_density_km2,,3105000013017,Not significant,0.10149413416490179,0.134
LISA,business_density_km2,,3105000013021,Not significant,0.08930337483290486,0.116
LISA,business_density_km2,,3105000013036,Not significant,0.04065064712348441,0.391
LISA,business_density_km2,,3105000754439,Not significant,0.5157227967847786,0.174
LISA,business_density_km2,,3105000013040,Not significant,0.1772911693044993,0.19
LISA,business_density_km2,,3105000013055,Not significant,-0.0759546680210344,0.268
LISA,business_density_km2,,310500001306A,Not significant,0.10943214657394153,0.307
LISA,business_density_km2,,3105000013074,High-Low,-0.16469961002073533,0.025
LISA,business_density_km2,,3105000013089,High-Low,-0.07951378315643894,0.035
LISA,business_density_km2,,3105000013093,Not significant,0.4164103344653938,0.06
LISA,business_density_km2,,3105000846308,Low-Low,7.781888601281344,0.008
LISA,business_density_km2,,3105000013106,Not significant,0.009055633908728945,0.443
LISA,business_density_km2,,3105000013110,Not significant,-0.047404011615100786,0.352
LISA,business_density_km2,,3105000013125,Not significant,0.06965211113597784,0.468
LISA,business_density_km2,,310500001313A,Not significant,0.12507109344675402,0.417
LISA,business_density_km2,,3105000013144,High-High,0.5233690945496996,0.045
LISA,business_density_km2,,3105000013159,High-High,0.5583747349817015,0.004
LISA,business_density_km2,,3105000013163,Not significant,0.07995796266964493,0.473
LISA,business_density_km2,,3105000846933,Not significant,5.766505897245773,0.052
LISA,business_density_km2,,3105000013178,High-High,0.29850646926742663,0.017
LISA,business_density_km2,,3105000013182,Not significant,0.3635522821888349,0.091
LISA,business_density_km2,,3105000013197,Not significant,0.2088024747916255,0.266
LISA,business_density_km2,,310500001320A,Not significant,-0.08747509550010825,0.258
LISA,business_density_km2,,3105000013214,Not significant,-0.052778007181359346,0.17
LISA,business_density_km2,,3105000013233,Not significant,0.22025720477533983,0.109
LISA,business_density_km2,,3105000013873,Not significant,0.04002051059759631,0.319
LISA,business_density_km2,,3105000013248,Not significant,0.004371759839301231,0.257
LISA,business_density_km2,,3105000013267,High-High,0.2331049334751265,0.047
LISA,business_density_km2,,3105000013271,Not significant,0.09257583692347597,0.293
LISA,business_density_km2,,3105000013286,Not significant,-0.012630556336302312,0.39
LISA,business_density_km2,,3105000013290,Not significant,0.17056690278347225,0.171
LISA,business_density_km2,,3105000013303,Not significant,0.27188239853141233,0.194
LISA,business_density_km2,,3105000013341,Not significant,0.34927162357837316,0.079
LISA,business_density_km2,,3105000013356,Not significant,0.004356721156679498,0.486
LISA,business_density_km2,,3105000013360,High-High,0.4101500827383258,0.024
LISA,business_density_km2,,310500001338A,Not significant,0.014553849940028271,0.24
LISA,business_density_km2,,3105000013394,Not significant,-0.05683260234799545,0.341
LISA,business_density_km2,,3105000013407,Not significant,0.01332167396696684,0.463
LISA,business_density_km2,,3105000013695,Not significant,0.04330600721791035,0.393
LISA,business_density_km2,,3105000013411,Low-High,-0.02689329356478319,0.018
LISA,business_density_km2,,3105000013426,Not significant,0.1566970218337944,0.102
LISA,business_density_km2,,3105000013430,Not significant,0.16573863632737343,0.152
LISA,business_density_km2,,3105000013445,High-Low,-0.37192250905129604,0.009
LISA,business_density_km2,,310500001345A,Not significant,0.30349688769196737,0.065
LISA,business_density_km2,,3105000013943,Not significant,-0.03689220232397632,0.31
LISA,business_density_km2,,3105000013483,Not significant,-0.00012669964698117496,0.401
LISA,business_density_km2,,3105000013500,Not significant,0.04113992949291791,0.341
LISA,business_density_km2,,3105000013515,High-High,0.028981394487310012,0.037
LISA,business_density_km2,,3105000013549,Not significant,0.40300018988932435,0.231
LISA,business_density_km2,,3105000013958,Not significant,0.12748152569166188,0.433
LISA,business_density_km2,,3105000013572,Not significant,0.05227280464645927,0.345
LISA,business_density_km2,,3105000013587,Not significant,0.36022391905921775,0.164
LISA,business_density_km2,,3105000013591,Not significant,0.2526495710800835,0.197
LISA,business_density_km2,,3105000013604,Not significant,0.0020680938198439974,0.392
LISA,business_density_km2,,3105000013619,Not significant,0.048921429360977806,0.413
LISA,business_density_km2,,3105000013657,Not significant,-0.14870409484050093,0.1
LISA,business_density_km2,,3105000013708,Not significant,0.23243538180262918,0.193
LISA,business_density_km2,,3105000013712,Not significant,0.5053417377438975,0.151
LISA,business_density_km2,,3105000013727,Not significant,0.1961644376960979,0.235
LISA,business_density_km2,,3105000013746,Not significant,-0.05117820588071765,0.381
LISA,business_density_km2,,3105000013765,Not significant,0.1283492944644185,0.31
LISA,business_density_km2,,3105000013854,High-High,0.22503767627335408,0.038
LISA,business_density_km2,,310500001377A,High-High,0.18391582782826102,0.008
LISA,business_density_km2,,3105000013784,Not significant,0.3544771626777668,0.166
LISA,business_density_km2,,3105000013799,High-High,0.5738362740265908,0.044
LISA,business_density_km2,,3105000013801,High-High,0.5066065393012367,0.042
LISA,business_density_km2,,310500001384A,Not significant,0.042131177026543204,0.486
LISA,business_density_km2,,3105000013869,Not significant,0.01091314009517703,0.416
LISA,business_density_km2,,3105000013905,Not significant,0.008124341821267098,0.242
LISA,business_density_km2,,310500001391A,High-High,0.296626379702049,0.023
LISA,business_density_km2,,3105000013939,Not significant,0.027883911656531757,0.353
LISA,business_density_km2,,3105000014176,High-High,0.4333469251970637,0.016
LISA,business_density_km2,,3105000013962,Not significant,0.005125203572301129,0.452
LISA,business_density_km2,,3105000013977,Not significant,0.015991370710078726,0.497
LISA,business_density_km2,,3105000013981,High-High,0.33242170914885855,0.028
LISA,business_density_km2,,3105000013996,Not significant,0.15501927092917225,0.317
LISA,business_density_km2,,3105000014000,Not significant,-0.11262998673168512,0.163
LISA,business_density_km2,,3105000014015,Not significant,0.07844402844758354,0.284
LISA,business_density_km2,,310500001402A,Not significant,-0.009182064160680934,0.4
LISA,business_density_km2,,3105000014034,Not significant,0.16189861092242272,0.119
LISA,business_density_km2,,3105000014049,Not significant,0.07716609596299322,0.264
LISA,business_density_km2,,3105000014068,Not significant,0.1712790338003242,0.117
LISA,business_density_km2,,3105000014072,Not significant,0.3832099561483185,0.066
LISA,business_density_km2,,3105000014087,High-High,0.6523938544636192,0.014
LISA,business_density_km2,,3105000014091,High-High,0.48489223258066727,0.007
LISA,business_density_km2,,3105000014104,High-High,0.5341817295489069,0.006
LISA,business_density_km2,,3105000014119,High-High,0.417584923773163,0.015
LISA,business_density_km2,,3105000014123,Not significant,0.29884692158116155,0.08
LISA,business_density_km2,,3105000014138,Not significant,0.39609444802455884,0.126
LISA,business_density_km2,,3105000014142,High-High,0.8339947545383869,0.01
LISA,business_density_km2,,3105000014157,High-High,0.7237917700683902,0.03
LISA,business_density_km2,,3105000014161,High-High,0.5771257883582518,0.043
LISA,business_density_km2,,3105000014528,Not significant,0.21384268603039996,0.257
LISA,business_density_km2,,3105000014180,Not significant,0.12574176990329558,0.271
LISA,business_density_km2,,3105000014195,Not significant,0.08345408378942631,0.164
LISA,business_density_km2,,3105000014208,High-High,0.3701755844795835,0.031
LISA,business_density_km2,,3105000014212,High-High,0.48289775739475427,0.022
LISA,business_density_km2,,3105000014227,Not significant,0.35799997968411107,0.128
LISA,business_density_km2,,3105000014231,Not significant,0.29812108513769314,0.141
LISA,business_density_km2,,3105000014250,Not significant,0.048853000417680315,0.138
LISA,business_density_km2,,3105000014265,Not significant,0.12322312592183934,0.056
LISA,business_density_km2,,310500001427A,Low-Low,1.0541964796716505,0.017
LISA,business_density_km2,,3105000014284,Not significant,0.4143584633424477,0.147
LISA,business_density_km2,,3105000014299,Low-Low,3.3215621447112085,0.013
LISA,business_density_km2,,3105000014301,Not significant,0.13869409197238272,0.262
LISA,business_density_km2,,3105000014316,Not significant,0.07005002787311927,0.463
LISA,business_density_km2,,3105000014320,Not significant,-0.08724242735942159,0.154
LISA,business_density_km2,,3105000014335,Not significant,-0.3951499009396673,0.086
LISA,business_density_km2,,3105000014354,Not significant,0.0174078186668455,0.31
LISA,business_density_km2,,3105000014462,Not significant,0.36375817766181995,0.161
LISA,business_density_km2,,3105000014477,Not significant,0.29393210886989846,0.095
LISA,business_density_km2,,3105000014481,Not significant,0.11406997783338284,0.102
LISA,business_density_km2,,3105000014496,Not significant,0.3670636772718502,0.083
LISA,business_density_km2,,3105000014509,High-High,0.39479519676834357,0.045
LISA,business_density_km2,,3105000014513,Not significant,0.2136916438415462,0.217
LISA,business_density_km2,,3105000014532,Not significant,0.17430125260798443,0.337
LISA,business_density_km2,,3105000014547,Not significant,0.12242265623262238,0.468
LISA,business_density_km2,,3105000014566,Not significant,0.07457157577489348,0.276
LISA,business_density_km2,,3105000014570,Not significant,0.12361815769229358,0.109
LISA,business_density_km2,,3105000014585,Not significant,2.3545258207442252,0.164
LISA,business_density_km2,,3105000014602,Not significant,-0.03510908067364118,0.482
LISA,business_density_km2,,3105000014617,High-High,0.30193294677722415,0.044
LISA,business_density_km2,,3105000014621,High-High,0.03123269287587396,0.037
LISA,business_density_km2,,3105000014636,Not significant,0.09603460892326847,0.071
LISA,business_density_km2,,3105000014640,Not significant,0.27463410117499165,0.178
LISA,business_density_km2,,310500001466A,Not significant,0.02550819200468414,0.34
LISA,business_density_km2,,3105000014674,Low-Low,1.693451881355255,0.006
LISA,business_density_km2,,3105000014744,Not significant,-0.04388662433821427,0.438
LISA,business_density_km2,,3105000014689,Not significant,0.07835439612987795,0.284
LISA,business_density_km2,,3105000014693,Not significant,0.17376382325073864,0.228
LISA,business_density_km2,,3105000014706,Not significant,0.05868768086041367,0.48
LISA,business_density_km2,,3105000014710,Not significant,-0.10241208248535358,0.216
LISA,business_density_km2,,3105000014725,Not significant,-0.023866802340851444,0.41
LISA,business_density_km2,,310500001473A,Not significant,-0.004828100385129988,0.435
LISA,business_density_km2,,3105000014759,Not significant,-0.01888951300862702,0.331
LISA,business_density_km2,,3105000014763,Not significant,0.011076751790748544,0.25
LISA,business_density_km2,,3105000014778,Low-Low,9.347356608636861,0.004
LISA,business_density_km2,,3105000014814,Not significant,0.05471820414861765,0.075
LISA,business_density_km2,,3105000014829,Not significant,0.03726979512838898,0.322
LISA,business_density_km2,,3105000014833,High-High,0.6317746034389974,0.035
LISA,business_density_km2,,3105000014848,High-High,0.7899347969949141,0.004
LISA,business_density_km2,,3105000014852,High-High,0.6241787757680818,0.042
LISA,business_density_km2,,3105000014867,High-High,0.28672533657083366,0.02
LISA,business_density_km2,,3105000014871,Not significant,0.6543442546336747,0.053
LISA,business_density_km2,,3105000014886,Not significant,0.016775253037081866,0.487
LISA,business_density_km2,,3105000014890,Not significant,-0.020046737366123057,0.357
LISA,business_density_km2,,3105000014903,Not significant,-0.36722466533296433,0.117
LISA,business_density_km2,,3105000014937,Not significant,0.45883736802591185,0.156
LISA,business_density_km2,,3105000014960,Low-Low,1.2193250125263952,0.012
LISA,business_density_km2,,3105000014975,Not significant,0.39006537603094815,0.094
LISA,business_density_km2,,310500001498A,Not significant,0.7740918907118701,0.102
LISA,business_density_km2,,3105000014994,Not significant,0.0540012282515066,0.253
LISA,business_density_km2,,3105000015009,Not significant,0.010953550746999798,0.387
LISA,business_density_km2,,3105000015013,Not significant,0.27101992724821466,0.066
LISA,business_density_km2,,3105000015028,High-High,0.2107114664464671,0.038
LISA,business_density_km2,,3105000015032,Not significant,0.22548440099187908,0.113
LISA,business_density_km2,,3105000015047,Not significant,-0.11529881900420298,0.239
LISA,business_density_km2,,3105000015051,Not significant,-0.12890016643480642,0.344
LISA,business_density_km2,,3105000015066,Not significant,-0.021488481729567917,0.309
LISA,business_density_km2,,3105000015070,High-High,0.4521889219282737,0.01
LISA,business_density_km2,,3105000015085,High-High,0.40623269718962135,0.022
LISA,business_density_km2,,310500001509A,Not significant,0.2456126453184296,0.251
LISA,business_density_km2,,3105000015102,Not significant,0.07977728061195055,0.211
LISA,business_density_km2,,3105000015117,Not significant,0.10721555915831313,0.369
LISA,business_density_km2,,3105000015121,Not significant,0.15540164382240457,0.318
LISA,business_density_km2,,3105000015969,Not significant,0.029466547359446104,0.412
LISA,business_density_km2,,3105000015136,Not significant,0.11931578575962583,0.112
LISA,business_density_km2,,3105000015140,Not significant,-0.21525543245935402,0.236
LISA,business_density_km2,,3105000015155,Not significant,0.05234489055423766,0.448
LISA,business_density_km2,,310500001516A,Not significant,-0.013278834709378452,0.5
LISA,business_density_km2,,3105000015174,Not significant,0.06737921245661922,0.252
LISA,business_density_km2,,3105000015189,Not significant,0.05425334897127111,0.187
LISA,business_density_km2,,3105000015973,Not significant,0.05678386930243744,0.346
LISA,business_density_km2,,3105000015210,High-High,0.8621844195407748,0.018
LISA,business_density_km2,,3105000015225,High-High,0.7117928986660801,0.003
LISA,business_density_km2,,310500001523A,High-High,0.9298854011214519,0.003
LISA,business_density_km2,,3105000015244,High-High,1.085976214789223,0.001
LISA,business_density_km2,,3105000015259,High-High,0.8614101214112202,0.006
LISA,business_density_km2,,3105000015672,Not significant,0.14977791456101874,0.192
LISA,business_density_km2,,3105000015263,High-High,0.6028280223707421,0.002
LISA,business_density_km2,,3105000015278,Not significant,0.24225063928110202,0.165
LISA,business_density_km2,,3105000015282,Not significant,0.17326362019115502,0.067
LISA,business_density_km2,,3105000015297,High-High,0.30305257072362646,0.024
LISA,business_density_km2,,310500001530A,High-High,0.360723329593989,0.026
LISA,business_density_km2,,3105000015314,High-High,0.5030328991252302,0.016
LISA,business_density_km2,,3105000015329,High-High,0.5029908457447668,0.021
LISA,business_density_km2,,3105000015333,Not significant,0.09931072426230733,0.421
LISA,business_density_km2,,3105000015348,Not significant,0.12241720830884759,0.321
LISA,business_density_km2,,3105000015386,Not significant,0.03497651167677224,0.338
LISA,business_density_km2,,3105000015390,Not significant,0.039847381476569105,0.343
LISA,business_density_km2,,3105000015418,Not significant,-0.06615748970480369,0.378
LISA,business_density_km2,,3105000015422,Not significant,-0.0009465527107926856,0.446
LISA,business_density_km2,,3105000015437,Not significant,0.0034854103593919,0.368
LISA,business_density_km2,,3105000015687,Not significant,0.3268931891302366,0.156
LISA,business_density_km2,,3105000015441,Low-Low,0.9489049810319716,0.024
LISA,business_density_km2,,3105000015456,Not significant,0.01669808923841548,0.352
LISA,business_density_km2,,3105000015460,Not significant,-0.1986635069115084,0.096
LISA,business_density_km2,,3105000015475,Not significant,-0.2322435264458919,0.245
LISA,business_density_km2,,310500001548A,Not significant,0.15572916193934896,0.211
LISA,business_density_km2,,3105000015494,Not significant,0.12922718953243917,0.19
LISA,business_density_km2,,3105000015511,Not significant,0.06716866042037603,0.243
LISA,business_density_km2,,3105000015935,Not significant,0.02828914386692218,0.36
LISA,business_density_km2,,3105000015526,Low-Low,0.7048907320538816,0.021
LISA,business_density_km2,,3105000015579,Not significant,0.09794128063070802,0.2
LISA,business_density_km2,,3105000015583,Not significant,0.42613258679474847,0.104
LISA,business_density_km2,,3105000015634,Not significant,0.02124644629951887,0.284
LISA,business_density_km2,,3105000015649,Not significant,0.13991506714594673,0.195
LISA,business_density_km2,,3105000015598,Not significant,0.0836174080587389,0.374
LISA,business_density_km2,,3105000015600,Not significant,-0.22682960537663102,0.237
LISA,business_density_km2,,310500001562A,Not significant,0.3252746837575119,0.137
LISA,business_density_km2,,310500001594A,Not significant,-0.08450763168480918,0.355
LISA,business_density_km2,,3105000015691,Not significant,0.14817061291990072,0.182
LISA,business_density_km2,,3105000015704,Not significant,0.10450741292347558,0.28
LISA,business_density_km2,,3105000015719,Not significant,0.061837112406011426,0.245
LISA,business_density_km2,,3105000015723,Not significant,0.2077887238709583,0.223
LISA,business_density_km2,,3105000015738,Not significant,0.25569474344128235,0.131
LISA,business_density_km2,,3105000015742,Not significant,0.04802310757967253,0.433
LISA,business_density_km2,,3105000015757,Not significant,-0.11726521226106337,0.257
LISA,business_density_km2,,3105000015761,Not significant,0.03245764001298331,0.379
LISA,business_density_km2,,3105000015776,Low-Low,0.6681053543989323,0.038
LISA,business_density_km2,,3105000015780,Not significant,0.08078033665178441,0.336
LISA,business_density_km2,,3105000015795,Not significant,0.0665922075856359,0.321
LISA,business_density_km2,,3105000015808,Not significant,0.12621134157892283,0.288
LISA,business_density_km2,,3105000015812,Not significant,0.045940633297679466,0.263
LISA,business_density_km2,,3105000015827,Not significant,0.006344990030064479,0.402
LISA,business_density_km2,,3105000015831,Not significant,0.0008616553354546043,0.459
LISA,business_density_km2,,3105000015846,Not significant,0.058330729535135,0.427
LISA,business_density_km2,,3105000015850,Not significant,0.0014842716337945196,0.42
LISA,business_density_km2,,3105000015865,Not significant,0.014147483733470852,0.327
LISA,business_density_km2,,310500001587A,Not significant,-0.015251337008089356,0.478
LISA,business_density_km2,,3105000015884,Not significant,0.06495406963993915,0.174
LISA,business_density_km2,,3105000015899,Not significant,0.8171856548385974,0.109
LISA,business_density_km2,,3105000015916,Not significant,1.9477945277588418,0.086
LISA,business_density_km2,,3105000015920,Not significant,3.9715570935916165,0.097
LISA,business_density_km2,,3105000015988,Not significant,0.07013572632218167,0.348
LISA,business_density_km2,,3105000015992,Not significant,0.6334459758561567,0.174
LISA,business_density_km2,,3105000016007,Low-Low,1.717851583699728,0.014
LISA,business_density_km2,,3105000016030,Not significant,-0.024133499279685822,0.406
LISA,business_density_km2,,3105000016045,Not significant,-0.05166996061388812,0.344
LISA,business_density_km2,,310500001605A,Not significant,0.12113107959094338,0.246
LISA,business_density_km2,,310500001612A,Not significant,0.0525629857728244,0.454
LISA,business_density_km2,,3105000016064,Not significant,-0.024383768242975147,0.452
LISA,business_density_km2,,3105000016079,Not significant,-0.04171796289724728,0.273
LISA,business_density_km2,,3105000016083,Low-Low,1.47119009271759,0.036
LISA,business_density_km2,,3105000016098,Low-Low,1.2525459592531631,0.037
LISA,business_density_km2,,3105000016100,Low-Low,1.020139654943316,0.046
LISA,business_density_km2,,3105000016115,Not significant,-0.034961562145276105,0.383
LISA,business_density_km2,,3105000016134,Not significant,0.01529548638734662,0.305
LISA,business_density_km2,,3105000016149,Not significant,0.013130596234384666,0.473
LISA,business_density_km2,,3105000016153,Not significant,0.14289318986296495,0.369
LISA,business_density_km2,,3105000016168,Not significant,2.5207074700981247,0.102
LISA,business_density_km2,,3105000016172,Not significant,0.003415219887822554,0.385
LISA,business_density_km2,,3105000016187,Not significant,0.013857703022642637,0.419
LISA,business_density_km2,,3105000016191,Not significant,-0.020958620292234907,0.26
LISA,business_density_km2,,3105000016204,Not significant,-0.6861210629839052,0.436
LISA,business_density_km2,,3105000016219,Not significant,-0.5273456539142065,0.478
LISA,business_density_km2,,3105000016223,Low-Low,5.610343681530679,0.042
LISA,business_density_km2,,3105000016238,Not significant,-0.020914203132589414,0.454
LISA,business_density_km2,,3105000016242,Not significant,0.6322961391345998,0.093
LISA,business_density_km2,,3105000016416,Not significant,0.11784301340329205,0.266
LISA,business_density_km2,,3105000016257,Not significant,2.77401687094056,0.133
LISA,business_density_km2,,3105000016261,Low-Low,1.5072554407730416,0.033
LISA,business_density_km2,,3105000016350,Not significant,0.2753268466356336,0.141
LISA,business_density_km2,,3105000016365,High-High,0.28905774110021304,0.028
LISA,business_density_km2,,310500001637A,High-High,0.7619941072985708,0.017
LISA,business_density_km2,,3105000016384,High-High,0.5679501837617883,0.01
LISA,business_density_km2,,3105000016399,High-High,0.4992707142374668,0.006
LISA,business_density_km2,,3105000016401,High-High,0.43332940014357957,0.017
LISA,business_density_km2,,3105000016435,Low-Low,0.5129898043767541,0.028
LISA,business_density_km2,,310500001644A,Not significant,1.2175494808918654,0.085
LISA,business_density_km2,,3105000016454,Low-Low,0.35850247800211077,0.011
LISA,business_density_km2,,3105000016469,Not significant,-0.06763977662883965,0.175
LISA,business_density_km2,,3105000016473,Not significant,0.1200311332979,0.378
LISA,business_density_km2,,3105000016488,Not significant,0.1775288179857613,0.232
LISA,business_density_km2,,3105000016492,Not significant,-0.03264924289728103,0.316
LISA,business_density_km2,,3105000016505,Not significant,0.015097336249266067,0.283
LISA,business_density_km2,,310500001651A,Not significant,-0.023570261271789652,0.292
LISA,business_density_km2,,3105000016524,Not significant,0.06712116172102443,0.471
LISA,business_density_km2,,3105000016539,Not significant,0.0038590902038789176,0.49
LISA,business_density_km2,,3105000016543,Not significant,-0.016162625828058403,0.406
LISA,business_density_km2,,3105000016558,Not significant,0.2924518793936007,0.199
LISA,business_density_km2,,3105000016581,Not significant,3.1524492278548997,0.126
LISA,business_density_km2,,3105000016613,Not significant,0.5085881993878394,0.181
LISA,business_density_km2,,3105000016628,Low-Low,3.581052589455283,0.001
LISA,business_density_km2,,3105000016632,Not significant,0.00017042111378442608,0.452
LISA,business_density_km2,,3105000016647,Not significant,0.010853863890332294,0.308
LISA,business_density_km2,,3105000016651,Not significant,0.008040698713879498,0.389
LISA,business_density_km2,,3105000016666,Not significant,0.010450869575232863,0.479
LISA,business_density_km2,,3105000016670,Not significant,0.0009452876939214788,0.467
LISA,business_density_km2,,3105000930135,Not significant,0.5592078122124934,0.289
LISA,business_density_km2,,310500001669A,Low-Low,1.329294084615634,0.031
LISA,business_density_km2,,3105000016702,Not significant,0.10228663149541518,0.208
LISA,business_density_km2,,3105000016717,Not significant,-0.013878439538777076,0.303
LISA,business_density_km2,,3105000016721,Not significant,-0.030290547870825118,0.374
LISA,business_density_km2,,3105000016740,Not significant,0.26187625657121916,0.174
LISA,business_density_km2,,3105000016755,Not significant,0.6138608383762898,0.094
LISA,business_density_km2,,310500001676A,Not significant,2.0448859099326824,0.171
LISA,business_density_km2,,3105000016774,Not significant,-0.0026836125217304476,0.428
LISA,business_density_km2,,3105000016789,Low-Low,1.4129951754053254,0.037
LISA,business_density_km2,,3105000016793,Low-Low,5.660209123483766,0.001
LISA,business_density_km2,,3105000016806,Low-Low,1.6300655000788868,0.012
LISA,business_density_km2,,3105001116276,Not significant,0.16130528623168186,0.266
LISA,business_density_km2,,3105000016810,Not significant,0.03160468083250543,0.327
LISA,business_density_km2,,3105000016825,Not significant,0.05665124157976935,0.286
LISA,business_density_km2,,310500001683A,Not significant,0.03922581311507867,0.326
LISA,business_density_km2,,3105000016844,Not significant,0.5172414985988271,0.23
LISA,business_density_km2,,3105000016859,Not significant,-0.02977398539031428,0.386
LISA,business_density_km2,,3105000016863,Not significant,0.022980621603015065,0.467
LISA,business_density_km2,,3105000016878,Not significant,0.003591664126977796,0.269
LISA,business_density_km2,,3105001116280,Not significant,0.715301096436354,0.157
LISA,business_density_km2,,3105000016882,Not significant,0.1863231711305278,0.29
LISA,business_density_km2,,3105000016897,Not significant,0.11864603774996997,0.242
LISA,business_density_km2,,310500001690A,Not significant,0.0530698917136593,0.321
LISA,business_density_km2,,3105000016914,Not significant,1.75459544967262,0.058
LISA,business_density_km2,,3105000016929,Low-Low,4.860664193885685,0.012
LISA,business_density_km2,,3105000016948,Not significant,-0.518901492357763,0.078
LISA,business_density_km2,,3105000016952,Not significant,-0.03048690078833661,0.385
LISA,business_density_km2,,3105000016967,Not significant,2.9149314186078183,0.129
LISA,business_density_km2,,3105000016971,Not significant,1.9745633365444724,0.147
LISA,business_density_km2,,3105000016986,Not significant,0.06288082482442596,0.264
LISA,business_density_km2,,3105000016990,Not significant,-0.02684356134831045,0.43
LISA,business_density_km2,,3105000017005,Not significant,0.009595087787621977,0.477
LISA,business_density_km2,,310500001701A,Not significant,0.19259137275756813,0.467
LISA,business_density_km2,,3105000017024,Low-Low,1.6772185942657227,0.019
LISA,business_density_km2,,3105000017043,Low-Low,7.324392564551688,0.001
LISA,business_density_km2,,310500075441A,Not significant,0.18362114986833472,0.253
LISA,business_density_km2,,3105000754424,Low-Low,1.2532756871621602,0.048
LISA,business_density_km2,,3105000754443,Low-Low,0.4640456541856077,0.001
LISA,business_density_km2,,3105000754458,Not significant,-0.008313502435351266,0.201
LISA,business_density_km2,,3105000755564,Low-Low,3.349893873311338,0.001
LISA,business_density_km2,,3105000756011,Low-Low,2.0700895422469228,0.009
LISA,business_density_km2,,3105000756026,Low-Low,6.811298220213498,0.002
LISA,business_density_km2,,3105000756562,Not significant,0.172201907057855,0.087
LISA,business_density_km2,,3105000756577,Not significant,-0.03740142489161703,0.45
LISA,business_density_km2,,3105001116295,Not significant,0.7318077540876795,0.175
LISA,business_density_km2,,3105000774388,Low-Low,0.31692550315161905,0.002
LISA,business_density_km2,,3105000774392,Low-Low,1.0091382978877323,0.001
LISA,business_density_km2,,3105000774941,Not significant,1.1185131374067663,0.243
LISA,business_density_km2,,3105000774956,Low-Low,5.267368428839311,0.014
LISA,business_density_km2,,3105000775530,Low-Low,0.7986674403666586,0.028
LISA,business_density_km2,,3105000776312,Not significant,1.2888035634405546,0.227
LISA,business_density_km2,,3105000776327,Low-Low,5.474864161600332,0.044
LISA,business_density_km2,,3105000776331,Not significant,1.0568979147196105,0.196
LISA,business_density_km2,,3105000842184,Not significant,1.8429709931287646,0.056
LISA,business_density_km2,,3105000842199,Low-Low,0.09953529699355992,0.006
LISA,business_density_km2,,3105000843568,Not significant,0.3853702210863276,0.226
LISA,business_density_km2,,3105000844053,Low-Low,0.850628321281048,0.03
LISA,business_density_km2,,3105000844373,Low-Low,4.251128053556354,0.008
LISA,business_density_km2,,3105000845193,Not significant,0.253815373230588,0.059
LISA,business_density_km2,,3105000845206,Not significant,0.21479801690225275,0.091
LISA,business_density_km2,,3105000845367,Not significant,5.766505897245773,0.052
LISA,business_density_km2,,3105000845545,Low-Low,4.429799129794299,0.003
LISA,business_density_km2,,3105000845954,Not significant,1.067982964363541,0.104
LISA,business_density_km2,,3105000932127,High-Low,-0.17942691740126007,0.004
LISA,business_density_km2,,3105000933816,Low-Low,2.3265186891534007,0.034
LISA,business_density_km2,,3105000933820,Not significant,0.02923222795882779,0.38
LISA,business_density_km2,,310500093555A,Not significant,0.83883448205924,0.212
LISA,business_density_km2,,3105000935653,Not significant,0.6473027990337298,0.171
LISA,business_density_km2,,3105000935668,Low-Low,0.22850127030036524,0.01
LISA,business_density_km2,,3105000936346,Not significant,2.202847944131587,0.168
LISA,business_density_km2,,3105001114405,Not significant,0.2117421056065816,0.075
bivariate LISA,business_density_km2,pop_density_km2,3105000010027,Not significant,-0.4540647624281965,0.181
bivariate LISA,business_density_km2,pop_density_km2,3105000010031,Not significant,-0.1936986620649777,0.4
bivariate LISA,business_density_km2,pop_density_km2,3105000010120,Not significant,0.17386431087874923,0.385
bivariate LISA,business_density_km2,pop_density_km2,3105000010154,Not significant,0.29470913962091055,0.234
bivariate LISA,business_density_km2,pop_density_km2,3105000010169,Not significant,-0.24682729333307832,0.154
bivariate LISA,business_density_km2,pop_density_km2,3105000010188,Not significant,0.08422913658002401,0.403
bivariate LISA,business_density_km2,pop_density_km2,310500001021A,Not significant,-0.10869485573222804,0.222
bivariate LISA,business_density_km2,pop_density_km2,3105000010224,Not significant,-0.15247539680932268,0.212
bivariate LISA,business_density_km2,pop_density_km2,3105000010262,High-High,0.19944174596475606,0.043
bivariate LISA,business_density_km2,pop_density_km2,3105000010277,Low-Low,0.5305884124380867,0.044
bivariate LISA,business_density_km2,pop_density_km2,3105000010281,Not significant,0.03695146777603996,0.457
bivariate LISA,business_density_km2,pop_density_km2,3105000010455,Not significant,-0.7747224160459417,0.099
bivariate LISA,business_density_km2,pop_density_km2,3105000010296,Not significant,-0.10266284578658827,0.226
bivariate LISA,business_density_km2,pop_density_km2,3105000010309,Not significant,-0.030633006343201458,0.368
bivariate LISA,business_density_km2,pop_density_km2,3105000010313,Not significant,-0.1289542419068806,0.224
bivariate LISA,business_density_km2,pop_density_km2,3105000010328,Not significant,-0.31928035965160817,0.139
bivariate LISA,business_density_km2,pop_density_km2,3105000010332,Not significant,-0.016954454091401935,0.359
bivariate LISA,business_density_km2,pop_density_km2,3105000010347,Not significant,0.1582192613404098,0.267
bivariate LISA,business_density_km2,pop_density_km2,3105000010366,Not significant,0.11056280020345438,0.256
bivariate LISA,business_density_km2,pop_density_km2,310500001039A,Not significant,0.3583488637440357,0.088
bivariate LISA,business_density_km2,pop_density_km2,3105000010402,Not significant,0.2593377779392922,0.164
bivariate LISA,business_density_km2,pop_density_km2,3105000010417,Not significant,0.12356891058167875,0.36
bivariate LISA,business_density_km2,pop_density_km2,3105000010421,Not significant,0.14726326932871275,0.262
bivariate LISA,business_density_km2,pop_density_km2,3105000010436,Not significant,-0.08988760963783221,0.305
bivariate LISA,business_density_km2,pop_density_km2,3105000010440,Not significant,-0.8572822685347025,0.1
bivariate LISA,business_density_km2,pop_density_km2,3105000010474,Not significant,0.2738702277886466,0.181
bivariate LISA,business_density_km2,pop_density_km2,3105000010489,Not significant,0.24939324486308517,0.19
bivariate LISA,business_density_km2,pop_density_km2,3105000010493,Not significant,-0.058294273408354864,0.299
bivariate LISA,business_density_km2,pop_density_km2,3105000010506,Not significant,-0.5431303151441595,0.162
bivariate LISA,business_density_km2,pop_density_km2,3105000010510,Not significant,-0.6543070923004094,0.188
bivariate LISA,business_density_km2,pop_density_km2,3105000010525,Not significant,-0.08870303575775654,0.321
bivariate LISA,business_density_km2,pop_density_km2,310500001053A,Not significant,0.20225656940792436,0.134
bivariate LISA,business_density_km2,pop_density_km2,3105000010544,Not significant,0.32193346494956593,0.113
bivariate LISA,business_density_km2,pop_density_km2,3105000010559,Not significant,0.16294061299906598,0.264
bivariate LISA,business_density_km2,pop_density_km2,3105000010563,Not significant,0.17904354242820616,0.076
bivariate LISA,business_density_km2,pop_density_km2,3105000010597,Not significant,0.2521980742016754,0.142
bivariate LISA,business_density_km2,pop_density_km2,310500001060A,Not significant,0.06418386684303745,0.435
bivariate LISA,business_density_km2,pop_density_km2,3105000010614,Not significant,-0.05574367256845257,0.314
bivariate LISA,business_density_km2,pop_density_km2,3105000010629,Not significant,-0.1190651893781889,0.226
bivariate LISA,business_density_km2,pop_density_km2,3105000010633,Not significant,0.11671563126906245,0.359
bivariate LISA,business_density_km2,pop_density_km2,3105000010648,Not significant,0.23381496502086094,0.106
bivariate LISA,business_density_km2,pop_density_km2,3105000010652,High-High,0.4572125230410619,0.034
bivariate LISA,business_density_km2,pop_density_km2,3105000010667,Not significant,0.31711633171118203,0.059
bivariate LISA,business_density_km2,pop_density_km2,3105000010671,Not significant,0.23889586051709893,0.105
bivariate LISA,business_density_km2,pop_density_km2,3105000010686,High-High,0.4319604507037211,0.008
bivariate LISA,business_density_km2,pop_density_km2,3105000010718,High-High,0.2915601581062409,0.001
bivariate LISA,business_density_km2,pop_density_km2,3105000010737,Not significant,0.37739392134171507,0.092
bivariate LISA,business_density_km2,pop_density_km2,3105000011608,Not significant,0.13071722530615618,0.305
bivariate LISA,business_density_km2,pop_density_km2,3105000010741,High-High,0.40230806043628037,0.03
bivariate LISA,business_density_km2,pop_density_km2,3105000010756,High-High,0.3432085267633303,0.006
bivariate LISA,business_density_km2,pop_density_km2,3105000010760,High-High,0.4564795264070161,0.036
bivariate LISA,business_density_km2,pop_density_km2,310500001078A,Not significant,-0.35519341953650674,0.104
bivariate LISA,business_density_km2,pop_density_km2,3105000010807,Not significant,0.20559495291689311,0.243
bivariate LISA,business_density_km2,pop_density_km2,3105000010826,High-High,0.3321281840316271,0.01
bivariate LISA,business_density_km2,pop_density_km2,3105000010845,Not significant,0.14764833954427922,0.172
bivariate LISA,business_density_km2,pop_density_km2,310500001085A,Not significant,-0.024096564271041954,0.481
bivariate LISA,business_density_km2,pop_density_km2,3105000010864,Not significant,1.097156712097973,0.237
bivariate LISA,business_density_km2,pop_density_km2,3105000010879,Not significant,0.06264652357133196,0.159
bivariate LISA,business_density_km2,pop_density_km2,3105000011218,High-High,0.38742001935238246,0.038
bivariate LISA,business_density_km2,pop_density_km2,3105000011241,High-High,0.7240953109092321,0.001
bivariate LISA,business_density_km2,pop_density_km2,3105000011631,High-High,0.39706982374069677,0.008
bivariate LISA,business_density_km2,pop_density_km2,3105000011345,Not significant,-0.005776759155186762,0.173
bivariate LISA,business_density_km2,pop_density_km2,3105000011453,Not significant,-0.04797902166544658,0.266
bivariate LISA,business_density_km2,pop_density_km2,3105000011468,Not significant,0.0010990617164514215,0.438
bivariate LISA,business_density_km2,pop_density_km2,3105000011472,Not significant,-0.0004945488214180687,0.411
bivariate LISA,business_density_km2,pop_density_km2,3105000011487,Not significant,0.1266196712430701,0.362
bivariate LISA,business_density_km2,pop_density_km2,3105000011504,Not significant,-0.14990682023495658,0.239
bivariate LISA,business_density_km2,pop_density_km2,3105000011523,Not significant,0.0024924927337205897,0.444
bivariate LISA,business_density_km2,pop_density_km2,3105000011542,Not significant,0.025325070268547908,0.273
bivariate LISA,business_density_km2,pop_density_km2,3105000011557,Not significant,-0.06867168175060002,0.482
bivariate LISA,business_density_km2,pop_density_km2,3105000011561,Not significant,-0.09604951824713115,0.205
bivariate LISA,business_density_km2,pop_density_km2,3105000011576,Not significant,-0.05379398634847829,0.306
bivariate LISA,business_density_km2,pop_density_km2,3105000011650,High-High,0.16081675450689575,0.033
bivariate LISA,business_density_km2,pop_density_km2,3105000011665,Not significant,-0.009990461454671631,0.099
bivariate LISA,business_density_km2,pop_density_km2,3105000011684,Low-High,-1.5523536795095476,0.008
bivariate LISA,business_density_km2,pop_density_km2,3105000011699,Not significant,-0.03172713329438499,0.303
bivariate LISA,business_density_km2,pop_density_km2,3105000011716,Not significant,0.03247954602983047,0.5
bivariate LISA,business_density_km2,pop_density_km2,3105000011773,High-High,0.4486872590564693,0.045
bivariate LISA,business_density_km2,pop_density_km2,3105000011805,Not significant,0.12918377001469278,0.095
bivariate LISA,business_density_km2,pop_density_km2,310500001181A,Not significant,0.19941809581720665,0.289
bivariate LISA,business_density_km2,pop_density_km2,3105000011824,Not significant,0.1328886415840049,0.282
bivariate LISA,business_density_km2,pop_density_km2,3105000011843,Not significant,0.0054906638231163735,0.461
bivariate LISA,business_density_km2,pop_density_km2,3105000011858,Not significant,0.08101845924265685,0.409
bivariate LISA,business_density_km2,pop_density_km2,3105000012220,High-High,0.06677918666839502,0.049
bivariate LISA,business_density_km2,pop_density_km2,3105000011913,High-High,0.17181475941771496,0.045
bivariate LISA,business_density_km2,pop_density_km2,310500001199A,Not significant,0.11931236024899242,0.27
bivariate LISA,business_density_km2,pop_density_km2,3105000012080,High-High,0.4754048661536427,0.014
bivariate LISA,business_density_km2,pop_density_km2,3105000012201,Not significant,0.09298290331183695,0.17
bivariate LISA,business_density_km2,pop_density_km2,3105000012216,Not significant,-0.10001882241154253,0.146
bivariate LISA,business_density_km2,pop_density_km2,3105000012235,Not significant,0.4326151327557447,0.099
bivariate LISA,business_density_km2,pop_density_km2,310500001224A,Not significant,0.09122124292409664,0.069
bivariate LISA,business_density_km2,pop_density_km2,3105000012254,High-High,0.3018522824349558,0.038
bivariate LISA,business_density_km2,pop_density_km2,3105000012269,Not significant,0.3349155015850288,0.129
bivariate LISA,business_density_km2,pop_density_km2,3105000012273,High-High,0.4462337336609624,0.007
bivariate LISA,business_density_km2,pop_density_km2,3105000012485,Not significant,0.08651304797568204,0.424
bivariate LISA,business_density_km2,pop_density_km2,3105000012288,High-High,0.424723648224394,0.019
bivariate LISA,business_density_km2,pop_density_km2,3105000012292,High-High,0.27701762512321587,0.013
bivariate LISA,business_density_km2,pop_density_km2,310500001231A,High-High,0.5338171944507634,0.014
bivariate LISA,business_density_km2,pop_density_km2,3105000012324,Not significant,0.07832517408479009,0.486
bivariate LISA,business_density_km2,pop_density_km2,3105000012339,Not significant,-0.07057154284874396,0.364
bivariate LISA,business_density_km2,pop_density_km2,3105000012682,High-High,0.32669629927879495,0.049
bivariate LISA,business_density_km2,pop_density_km2,3105000012343,Not significant,0.06792362045008224,0.481
bivariate LISA,business_density_km2,pop_density_km2,3105000012358,Not significant,-0.3106069164954636,0.172
bivariate LISA,business_density_km2,pop_density_km2,3105000012362,Not significant,-0.15447656519795777,0.285
bivariate LISA,business_density_km2,pop_density_km2,3105000012377,Not significant,-0.24485117168652498,0.207
bivariate LISA,business_density_km2,pop_density_km2,3105000016420,Not significant,0.3189850178425315,0.143
bivariate LISA,business_density_km2,pop_density_km2,3105000012381,Not significant,-0.1957865699841524,0.21
bivariate LISA,business_density_km2,pop_density_km2,3105000012396,Not significant,-0.09124380985233986,0.249
bivariate LISA,business_density_km2,pop_density_km2,3105000012409,Not significant,-0.227523147348909,0.16
bivariate LISA,business_density_km2,pop_density_km2,3105000012413,Not significant,0.1161724038297285,0.284
bivariate LISA,business_density_km2,pop_density_km2,3105000012428,Not significant,0.11323111843012643,0.394
bivariate LISA,business_density_km2,pop_density_km2,3105000016736,Low-Low,12.498341519023803,0.017
bivariate LISA,business_density_km2,pop_density_km2,3105000012432,Not significant,0.293912651631341,0.103
bivariate LISA,business_density_km2,pop_density_km2,3105000012447,Not significant,0.35725798529982083,0.218
bivariate LISA,business_density_km2,pop_density_km2,3105000012451,Not significant,0.040011490721192595,0.447
bivariate LISA,business_density_km2,pop_density_km2,3105000012466,Not significant,0.046833398381323395,0.238
bivariate LISA,business_density_km2,pop_density_km2,3105000012470,Not significant,0.0037736627081582596,0.429
bivariate LISA,business_density_km2,pop_density_km2,310500001249A,Not significant,0.022723024941719884,0.47
bivariate LISA,business_density_km2,pop_density_km2,3105000012502,Not significant,0.013038820043441932,0.465
bivariate LISA,business_density_km2,pop_density_km2,3105000012517,Not significant,0.018180391807142468,0.442
bivariate LISA,business_density_km2,pop_density_km2,3105000012697,Not significant,-0.10907355995168637,0.102
bivariate LISA,business_density_km2,pop_density_km2,3105000012521,Not significant,-0.08924577979200442,0.277
bivariate LISA,business_density_km2,pop_density_km2,3105000012540,Not significant,0.07336614245695565,0.451
bivariate LISA,business_density_km2,pop_density_km2,3105000012555,Not significant,0.10815239002280187,0.448
bivariate LISA,business_density_km2,pop_density_km2,3105000012574,Not significant,-0.031365862371926845,0.286
bivariate LISA,business_density_km2,pop_density_km2,3105000012589,Not significant,0.006936375254360238,0.424
bivariate LISA,business_density_km2,pop_density_km2,3105000012593,Not significant,0.0677913722309557,0.188
bivariate LISA,business_density_km2,pop_density_km2,3105000012606,Not significant,0.3417845942038767,0.374
bivariate LISA,business_density_km2,pop_density_km2,3105000012610,Not significant,-0.016319197298520858,0.381
bivariate LISA,business_density_km2,pop_density_km2,3105000012625,Low-High,-0.08634204212670805,0.012
bivariate LISA,business_density_km2,pop_density_km2,310500001263A,High-High,0.47440989800921574,0.013
bivariate LISA,business_density_km2,pop_density_km2,3105000012644,Not significant,0.308454973866045,0.072
bivariate LISA,business_density_km2,pop_density_km2,3105000012663,Not significant,0.16088935076311203,0.066
bivariate LISA,business_density_km2,pop_density_km2,3105000012678,Not significant,0.4371662974580984,0.053
bivariate LISA,business_density_km2,pop_density_km2,3105000012856,High-High,0.5566654754956325,0.006
bivariate LISA,business_density_km2,pop_density_km2,310500001270A,Not significant,-0.03243331769165902,0.381
bivariate LISA,business_density_km2,pop_density_km2,3105000012714,Not significant,0.21817221080237736,0.205
bivariate LISA,business_density_km2,pop_density_km2,3105000012729,Not significant,0.14984415574092333,0.397
bivariate LISA,business_density_km2,pop_density_km2,3105000012733,Not significant,0.11787898712431456,0.31
bivariate LISA,business_density_km2,pop_density_km2,3105000012748,Not significant,-0.053270475405982856,0.337
bivariate LISA,business_density_km2,pop_density_km2,3105000012771,High-High,0.6043815665285539,0.001
bivariate LISA,business_density_km2,pop_density_km2,3105000012786,High-High,0.399770426174285,0.038
bivariate LISA,business_density_km2,pop_density_km2,3105000012803,High-High,0.4578475835745938,0.006
bivariate LISA,business_density_km2,pop_density_km2,3105000012818,Not significant,0.2893593763332994,0.143
bivariate LISA,business_density_km2,pop_density_km2,3105000012822,Not significant,0.030045465306499205,0.475
bivariate LISA,business_density_km2,pop_density_km2,3105000012837,High-High,0.4058336259719913,0.015
bivariate LISA,business_density_km2,pop_density_km2,3105000012841,Not significant,0.37838456324184844,0.093
bivariate LISA,business_density_km2,pop_density_km2,3105000012860,Not significant,0.26635680658044675,0.075
bivariate LISA,business_density_km2,pop_density_km2,3105000012875,Not significant,0.23920035893128094,0.081
bivariate LISA,business_density_km2,pop_density_km2,310500001288A,High-High,0.20905107907195863,0.022
bivariate LISA,business_density_km2,pop_density_km2,3105000012894,High-High,0.5227190050973709,0.003
bivariate LISA,business_density_km2,pop_density_km2,3105000012907,High-High,0.404063189194827,0.036
bivariate LISA,business_density_km2,pop_density_km2,3105000012911,Not significant,0.23060366024443882,0.166
bivariate LISA,business_density_km2,pop_density_km2,3105000012926,Not significant,0.2316396922711757,0.091
bivariate LISA,business_density_km2,pop_density_km2,3105000012930,Not significant,0.25263221637185784,0.322
bivariate LISA,business_density_km2,pop_density_km2,3105000012945,Not significant,0.20686647313211706,0.154
bivariate LISA,business_density_km2,pop_density_km2,310500001295A,High-High,0.3334135550071866,0.001
bivariate LISA,business_density_km2,pop_density_km2,3105000012964,High-High,0.2728712105831647,0.031
bivariate LISA,business_density_km2,pop_density_km2,3105000012979,High-High,0.6151944624118366,0.001
bivariate LISA,business_density_km2,pop_density_km2,3105000012983,Not significant,0.26388904193125207,0.066
bivariate LISA,business_density_km2,pop_density_km2,3105000013676,Not significant,0.0747687155538368,0.393
bivariate LISA,business_density_km2,pop_density_km2,3105000012998,Not significant,0.20268255376993843,0.127
bivariate LISA,business_density_km2,pop_density_km2,3105000013002,Low-High,-0.03948183871962739,0.034
bivariate LISA,business_density_km2,pop_density_km2,3105000013017,Not significant,0.12424100277802702,0.051
bivariate LISA,business_density_km2,pop_density_km2,3105000013021,Not significant,0.08115524905943838,0.123
bivariate LISA,business_density_km2,pop_density_km2,3105000013036,Not significant,0.04807838313570687,0.36
bivariate LISA,business_density_km2,pop_density_km2,3105000754439,Not significant,-0.19632081293561698,0.433
bivariate LISA,business_density_km2,pop_density_km2,3105000013040,Not significant,0.1492472743146915,0.257
bivariate LISA,business_density_km2,pop_density_km2,3105000013055,Not significant,-0.3104163418282104,0.059
bivariate LISA,business_density_km2,pop_density_km2,310500001306A,Not significant,0.06478693029054336,0.423
bivariate LISA,business_density_km2,pop_density_km2,3105000013074,Not significant,-0.10060381065631069,0.1
bivariate LISA,business_density_km2,pop_density_km2,3105000013089,Not significant,-0.019422724614625738,0.24
bivariate LISA,business_density_km2,pop_density_km2,3105000013093,High-High,0.5317115740849756,0.004
bivariate LISA,business_density_km2,pop_density_km2,3105000846308,Low-Low,5.075786781283223,0.046
bivariate LISA,business_density_km2,pop_density_km2,3105000013106,Not significant,0.35709388488586247,0.055
bivariate LISA,business_density_km2,pop_density_km2,3105000013110,Not significant,-0.13260997104470398,0.23
bivariate LISA,business_density_km2,pop_density_km2,3105000013125,Not significant,0.04554036762066669,0.478
bivariate LISA,business_density_km2,pop_density_km2,310500001313A,Not significant,0.0029327229471501747,0.4
bivariate LISA,business_density_km2,pop_density_km2,3105000013144,High-High,0.6354548869523478,0.004
bivariate LISA,business_density_km2,pop_density_km2,3105000013159,High-High,0.5122042869372002,0.003
bivariate LISA,business_density_km2,pop_density_km2,3105000013163,Not significant,0.32164605687441633,0.109
bivariate LISA,business_density_km2,pop_density_km2,3105000846933,Not significant,0.914955438888175,0.218
bivariate LISA,business_density_km2,pop_density_km2,3105000013178,High-High,0.30925038540889654,0.003
bivariate LISA,business_density_km2,pop_density_km2,3105000013182,High-High,0.38614300495450715,0.038
bivariate LISA,business_density_km2,pop_density_km2,3105000013197,High-High,0.37150160004954014,0.042
bivariate LISA,business_density_km2,pop_density_km2,310500001320A,Not significant,0.10143648746246876,0.278
bivariate LISA,business_density_km2,pop_density_km2,3105000013214,Not significant,0.02012444928240106,0.438
bivariate LISA,business_density_km2,pop_density_km2,3105000013233,Not significant,0.17770213237099394,0.166
bivariate LISA,business_density_km2,pop_density_km2,3105000013873,Not significant,0.009001590138007274,0.372
bivariate LISA,business_density_km2,pop_density_km2,3105000013248,Not significant,0.0032066703802507823,0.343
bivariate LISA,business_density_km2,pop_density_km2,3105000013267,Not significant,0.20691483982045297,0.05
bivariate LISA,business_density_km2,pop_density_km2,3105000013271,Not significant,0.04715802215415187,0.448
bivariate LISA,business_density_km2,pop_density_km2,3105000013286,Not significant,-0.05848404725059738,0.264
bivariate LISA,business_density_km2,pop_density_km2,3105000013290,Not significant,0.18213254620245584,0.123
bivariate LISA,business_density_km2,pop_density_km2,3105000013303,High-High,0.4649569425321956,0.014
bivariate LISA,business_density_km2,pop_density_km2,3105000013341,Not significant,0.32786501462508,0.065
bivariate LISA,business_density_km2,pop_density_km2,3105000013356,Not significant,0.0026058799432132286,0.467
bivariate LISA,business_density_km2,pop_density_km2,3105000013360,High-High,0.35569374034451134,0.03
bivariate LISA,business_density_km2,pop_density_km2,310500001338A,Not significant,0.016196268961166632,0.203
bivariate LISA,business_density_km2,pop_density_km2,3105000013394,Not significant,-0.20901122323837834,0.139
bivariate LISA,business_density_km2,pop_density_km2,3105000013407,Not significant,-0.16897065524868174,0.134
bivariate LISA,business_density_km2,pop_density_km2,3105000013695,Not significant,-0.010982745014836648,0.361
bivariate LISA,business_density_km2,pop_density_km2,3105000013411,Not significant,-0.020758984521187095,0.058
bivariate LISA,business_density_km2,pop_density_km2,3105000013426,High-High,0.17756640645703964,0.028
bivariate LISA,business_density_km2,pop_density_km2,3105000013430,High-High,0.23442494190663032,0.017
bivariate LISA,business_density_km2,pop_density_km2,3105000013445,Not significant,-0.15924098726500133,0.122
bivariate LISA,business_density_km2,pop_density_km2,310500001345A,Not significant,0.1535636847409096,0.192
bivariate LISA,business_density_km2,pop_density_km2,3105000013943,Low-High,-0.10610565156275173,0.005
bivariate LISA,business_density_km2,pop_density_km2,3105000013483,Not significant,0.0004060839964787084,0.428
bivariate LISA,business_density_km2,pop_density_km2,3105000013500,Not significant,0.033131733107503544,0.333
bivariate LISA,business_density_km2,pop_density_km2,3105000013515,High-High,0.033402768805293734,0.004
bivariate LISA,business_density_km2,pop_density_km2,3105000013549,Low-Low,5.739813887695602,0.018
bivariate LISA,business_density_km2,pop_density_km2,3105000013958,High-High,0.42871699573332217,0.039
bivariate LISA,business_density_km2,pop_density_km2,3105000013572,Not significant,0.030625644365303437,0.435
bivariate LISA,business_density_km2,pop_density_km2,3105000013587,Not significant,0.4346693367787326,0.091
bivariate LISA,business_density_km2,pop_density_km2,3105000013591,Not significant,0.5227661743625638,0.081
bivariate LISA,business_density_km2,pop_density_km2,3105000013604,Not significant,-0.007599404270904015,0.345
bivariate LISA,business_density_km2,pop_density_km2,3105000013619,Not significant,0.06810700460830343,0.351
bivariate LISA,business_density_km2,pop_density_km2,3105000013657,Not significant,-0.14133489291428522,0.115
bivariate LISA,business_density_km2,pop_density_km2,3105000013708,Not significant,0.22067566650131012,0.205
bivariate LISA,business_density_km2,pop_density_km2,3105000013712,High-High,0.6550162405239772,0.041
bivariate LISA,business_density_km2,pop_density_km2,3105000013727,Not significant,0.28035634074242516,0.061
bivariate LISA,business_density_km2,pop_density_km2,3105000013746,Not significant,-0.06606753742534215,0.326
bivariate LISA,business_density_km2,pop_density_km2,3105000013765,Not significant,0.0639390280809817,0.458
bivariate LISA,business_density_km2,pop_density_km2,3105000013854,High-High,0.3178880041890633,0.001
bivariate LISA,business_density_km2,pop_density_km2,310500001377A,High-High,0.19981497072832385,0.003
bivariate LISA,business_density_km2,pop_density_km2,3105000013784,High-High,0.505802233162633,0.026
bivariate LISA,business_density_km2,pop_density_km2,3105000013799,High-High,0.7360277382430801,0.002
bivariate LISA,business_density_km2,pop_density_km2,3105000013801,High-High,0.5915626729663299,0.009
bivariate LISA,business_density_km2,pop_density_km2,310500001384A,High-High,0.20424023507104244,0.033
bivariate LISA,business_density_km2,pop_density_km2,3105000013869,High-High,0.03548413319362241,0.033
bivariate LISA,business_density_km2,pop_density_km2,3105000013905,Not significant,0.011828254304238478,0.158
bivariate LISA,business_density_km2,pop_density_km2,310500001391A,High-High,0.38806821761000904,0.001
bivariate LISA,business_density_km2,pop_density_km2,3105000013939,Not significant,-0.027314881420143034,0.234
bivariate LISA,business_density_km2,pop_density_km2,3105000014176,High-High,0.34438832496099087,0.037
bivariate LISA,business_density_km2,pop_density_km2,3105000013962,Not significant,0.0017787928193358222,0.448
bivariate LISA,business_density_km2,pop_density_km2,3105000013977,Not significant,0.0028551934520750955,0.422
bivariate LISA,business_density_km2,pop_density_km2,3105000013981,Not significant,0.16171255867652254,0.266
bivariate LISA,business_density_km2,pop_density_km2,3105000013996,Not significant,0.24620377117918144,0.163
bivariate LISA,business_density_km2,pop_density_km2,3105000014000,High-Low,-0.5081787247673145,0.004
bivariate LISA,business_density_km2,pop_density_km2,3105000014015,Not significant,0.1403457435163839,0.157
bivariate LISA,business_density_km2,pop_density_km2,310500001402A,High-Low,-0.24850328547808231,0.021
bivariate LISA,business_density_km2,pop_density_km2,3105000014034,High-High,0.17731770232549143,0.049
bivariate LISA,business_density_km2,pop_density_km2,3105000014049,Not significant,-0.03644360343099858,0.287
bivariate LISA,business_density_km2,pop_density_km2,3105000014068,Not significant,0.0883681894574189,0.336
bivariate LISA,business_density_km2,pop_density_km2,3105000014072,Not significant,0.1331270741361078,0.38
bivariate LISA,business_density_km2,pop_density_km2,3105000014087,Not significant,0.07514309540558055,0.491
bivariate LISA,business_density_km2,pop_density_km2,3105000014091,Not significant,0.03161331061521842,0.452
bivariate LISA,business_density_km2,pop_density_km2,3105000014104,Not significant,-0.03422525531198834,0.351
bivariate LISA,business_density_km2,pop_density_km2,3105000014119,Not significant,0.1251771679265408,0.359
bivariate LISA,business_density_km2,pop_density_km2,3105000014123,Not significant,0.28713602103599906,0.065
bivariate LISA,business_density_km2,pop_density_km2,3105000014138,High-High,0.48294442423484046,0.034
bivariate LISA,business_density_km2,pop_density_km2,3105000014142,High-High,0.8985290283042486,0.001
bivariate LISA,business_density_km2,pop_density_km2,3105000014157,High-High,0.7256806410030894,0.013
bivariate LISA,business_density_km2,pop_density_km2,3105000014161,High-High,0.5852441724431635,0.017
bivariate LISA,business_density_km2,pop_density_km2,3105000014528,High-High,0.47648640663417524,0.008
bivariate LISA,business_density_km2,pop_density_km2,3105000014180,Not significant,0.07814448419011284,0.395
bivariate LISA,business_density_km2,pop_density_km2,3105000014195,Not significant,0.06586886526360618,0.233
bivariate LISA,business_density_km2,pop_density_km2,3105000014208,High-High,0.4170048279221451,0.008
bivariate LISA,business_density_km2,pop_density_km2,3105000014212,Not significant,0.33645771375210015,0.117
bivariate LISA,business_density_km2,pop_density_km2,3105000014227,High-High,0.5605986385364622,0.006
bivariate LISA,business_density_km2,pop_density_km2,3105000014231,Not significant,0.24028128428242207,0.196
bivariate LISA,business_density_km2,pop_density_km2,3105000014250,High-High,0.08018244533511405,0.002
bivariate LISA,business_density_km2,pop_density_km2,3105000014265,High-High,0.16842106725344944,0.001
bivariate LISA,business_density_km2,pop_density_km2,310500001427A,Low-Low,2.0269115286625423,0.001
bivariate LISA,business_density_km2,pop_density_km2,3105000014284,Not significant,0.8191581273546402,0.062
bivariate LISA,business_density_km2,pop_density_km2,3105000014299,Low-Low,4.259386767242932,0.011
bivariate LISA,business_density_km2,pop_density_km2,3105000014301,Not significant,0.157956913105981,0.186
bivariate LISA,business_density_km2,pop_density_km2,3105000014316,Not significant,0.2502059340336157,0.15
bivariate LISA,business_density_km2,pop_density_km2,3105000014320,Low-High,-0.12649721859633747,0.024
bivariate LISA,business_density_km2,pop_density_km2,3105000014335,Low-High,-0.6133622587088099,0.001
bivariate LISA,business_density_km2,pop_density_km2,3105000014354,Not significant,0.008162239596072285,0.338
bivariate LISA,business_density_km2,pop_density_km2,3105000014462,Not significant,-0.2214570536208897,0.287
bivariate LISA,business_density_km2,pop_density_km2,3105000014477,Low-Low,0.7192289408158925,0.01
bivariate LISA,business_density_km2,pop_density_km2,3105000014481,Not significant,0.11981832778129879,0.052
bivariate LISA,business_density_km2,pop_density_km2,3105000014496,High-High,0.42701571398048566,0.017
bivariate LISA,business_density_km2,pop_density_km2,3105000014509,Not significant,0.2878146457169343,0.123
bivariate LISA,business_density_km2,pop_density_km2,3105000014513,Not significant,0.24554210187773845,0.149
bivariate LISA,business_density_km2,pop_density_km2,3105000014532,Not significant,0.25567739425743324,0.178
bivariate LISA,business_density_km2,pop_density_km2,3105000014547,Not significant,0.29055628901285085,0.254
bivariate LISA,business_density_km2,pop_density_km2,3105000014566,Not significant,0.0029261852595600045,0.427
bivariate LISA,business_density_km2,pop_density_km2,3105000014570,Not significant,0.06274325876935771,0.32
bivariate LISA,business_density_km2,pop_density_km2,3105000014585,Not significant,1.7639126969082062,0.169
bivariate LISA,business_density_km2,pop_density_km2,3105000014602,Not significant,0.06881744860004009,0.245
bivariate LISA,business_density_km2,pop_density_km2,3105000014617,Not significant,0.03290348888908341,0.472
bivariate LISA,business_density_km2,pop_density_km2,3105000014621,Not significant,0.0082478672816133,0.436
bivariate LISA,business_density_km2,pop_density_km2,3105000014636,Not significant,0.0942446469073516,0.051
bivariate LISA,business_density_km2,pop_density_km2,3105000014640,Not significant,0.34884458846853966,0.072
bivariate LISA,business_density_km2,pop_density_km2,310500001466A,Not significant,0.03802726654014213,0.267
bivariate LISA,business_density_km2,pop_density_km2,3105000014674,Low-Low,2.1629632251281605,0.003
bivariate LISA,business_density_km2,pop_density_km2,3105000014744,Not significant,-0.10274210338911215,0.345
bivariate LISA,business_density_km2,pop_density_km2,3105000014689,Not significant,0.10799066440887257,0.12
bivariate LISA,business_density_km2,pop_density_km2,3105000014693,High-High,0.28092019520291356,0.028
bivariate LISA,business_density_km2,pop_density_km2,3105000014706,Not significant,0.4199296341860207,0.076
bivariate LISA,business_density_km2,pop_density_km2,3105000014710,Not significant,-0.008830365189056088,0.371
bivariate LISA,business_density_km2,pop_density_km2,3105000014725,Not significant,-0.05963205901568521,0.185
bivariate LISA,business_density_km2,pop_density_km2,310500001473A,Not significant,-0.008852335797341765,0.296
bivariate LISA,business_density_km2,pop_density_km2,3105000014759,Not significant,0.02240268562966843,0.412
bivariate LISA,business_density_km2,pop_density_km2,3105000014763,Not significant,0.0013598326091167835,0.345
bivariate LISA,business_density_km2,pop_density_km2,3105000014778,Not significant,0.8844753721241185,0.24
bivariate LISA,business_density_km2,pop_density_km2,3105000014814,High-High,0.06357255232949242,0.011
bivariate LISA,business_density_km2,pop_density_km2,3105000014829,Not significant,0.06564509438028526,0.08
bivariate LISA,business_density_km2,pop_density_km2,3105000014833,Not significant,-0.0973848686364372,0.335
bivariate LISA,business_density_km2,pop_density_km2,3105000014848,Not significant,-0.07044080167460715,0.333
bivariate LISA,business_density_km2,pop_density_km2,3105000014852,Not significant,0.2767208448769039,0.303
bivariate LISA,business_density_km2,pop_density_km2,3105000014867,Not significant,0.08820949959676629,0.36
bivariate LISA,business_density_km2,pop_density_km2,3105000014871,Low-Low,0.8349108199092742,0.028
bivariate LISA,business_density_km2,pop_density_km2,3105000014886,High-High,0.1397932597199816,0.045
bivariate LISA,business_density_km2,pop_density_km2,3105000014890,High-High,0.11118056616066442,0.037
bivariate LISA,business_density_km2,pop_density_km2,3105000014903,High-Low,-1.1629011598005292,0.007
bivariate LISA,business_density_km2,pop_density_km2,3105000014937,Not significant,0.576152713273669,0.115
bivariate LISA,business_density_km2,pop_density_km2,3105000014960,Not significant,0.8009655890904684,0.066
bivariate LISA,business_density_km2,pop_density_km2,3105000014975,Not significant,0.1693224749509752,0.23
bivariate LISA,business_density_km2,pop_density_km2,310500001498A,Not significant,0.5239130548002752,0.178
bivariate LISA,business_density_km2,pop_density_km2,3105000014994,Not significant,0.023661987911786503,0.303
bivariate LISA,business_density_km2,pop_density_km2,3105000015009,Not significant,0.026191923766699446,0.299
bivariate LISA,business_density_km2,pop_density_km2,3105000015013,Not significant,0.13569341968680615,0.289
bivariate LISA,business_density_km2,pop_density_km2,3105000015028,Not significant,0.08537773506095311,0.33
bivariate LISA,business_density_km2,pop_density_km2,3105000015032,Not significant,0.23132709460340445,0.065
bivariate LISA,business_density_km2,pop_density_km2,3105000015047,Not significant,-0.14638794953084,0.144
bivariate LISA,business_density_km2,pop_density_km2,3105000015051,Not significant,-0.08761031009863605,0.429
bivariate LISA,business_density_km2,pop_density_km2,3105000015066,Not significant,-0.024455830904963675,0.267
bivariate LISA,business_density_km2,pop_density_km2,3105000015070,High-High,0.40210086612792384,0.007
bivariate LISA,business_density_km2,pop_density_km2,3105000015085,Not significant,0.2452533112839372,0.151
bivariate LISA,business_density_km2,pop_density_km2,310500001509A,Not significant,0.07663569442004337,0.487
bivariate LISA,business_density_km2,pop_density_km2,3105000015102,Not significant,0.037534745026770705,0.422
bivariate LISA,business_density_km2,pop_density_km2,3105000015117,Not significant,0.12490927851582012,0.325
bivariate LISA,business_density_km2,pop_density_km2,3105000015121,Not significant,0.2580178927161303,0.137
bivariate LISA,business_density_km2,pop_density_km2,3105000015969,Not significant,0.3075437589288544,0.204
bivariate LISA,business_density_km2,pop_density_km2,3105000015136,High-High,0.16821935308898295,0.007
bivariate LISA,business_density_km2,pop_density_km2,3105000015140,Not significant,0.23498270068563365,0.234
bivariate LISA,business_density_km2,pop_density_km2,3105000015155,Not significant,0.07732484854098938,0.398
bivariate LISA,business_density_km2,pop_density_km2,310500001516A,Not significant,0.0065173441554054945,0.389
bivariate LISA,business_density_km2,pop_density_km2,3105000015174,Not significant,0.10125873982286211,0.14
bivariate LISA,business_density_km2,pop_density_km2,3105000015189,Not significant,0.04926083509531286,0.18
bivariate LISA,business_density_km2,pop_density_km2,3105000015973,Not significant,0.0027426166407495556,0.4
bivariate LISA,business_density_km2,pop_density_km2,3105000015210,Not significant,-0.36750522076620784,0.192
bivariate LISA,business_density_km2,pop_density_km2,3105000015225,Not significant,-0.37946213304058013,0.135
bivariate LISA,business_density_km2,pop_density_km2,310500001523A,Not significant,0.03755007860235883,0.44
bivariate LISA,business_density_km2,pop_density_km2,3105000015244,Not significant,-0.055118677011376536,0.353
bivariate LISA,business_density_km2,pop_density_km2,3105000015259,Not significant,0.24306837137246734,0.349
bivariate LISA,business_density_km2,pop_density_km2,3105000015672,High-High,0.23250582714676038,0.025
bivariate LISA,business_density_km2,pop_density_km2,3105000015263,Not significant,0.032251229765687686,0.461
bivariate LISA,business_density_km2,pop_density_km2,3105000015278,Not significant,0.16332812592028442,0.29
bivariate LISA,business_density_km2,pop_density_km2,3105000015282,Not significant,0.1062498984750864,0.234
bivariate LISA,business_density_km2,pop_density_km2,3105000015297,High-High,0.2762094562123221,0.018
bivariate LISA,business_density_km2,pop_density_km2,310500001530A,Not significant,0.19195120740273489,0.214
bivariate LISA,business_density_km2,pop_density_km2,3105000015314,High-High,0.4272305619660808,0.019
bivariate LISA,business_density_km2,pop_density_km2,3105000015329,High-High,0.44588574744874016,0.024
bivariate LISA,business_density_km2,pop_density_km2,3105000015333,Not significant,0.06217758957095027,0.49
bivariate LISA,business_density_km2,pop_density_km2,3105000015348,Not significant,0.06318661250033038,0.453
bivariate LISA,business_density_km2,pop_density_km2,3105000015386,Low-Low,0.4112760368811609,0.012
bivariate LISA,business_density_km2,pop_density_km2,3105000015390,Low-Low,0.3468474507297488,0.039
bivariate LISA,business_density_km2,pop_density_km2,3105000015418,Not significant,-0.3326594965085129,0.149
bivariate LISA,business_density_km2,pop_density_km2,3105000015422,Not significant,-0.047884590908904824,0.36
bivariate LISA,business_density_km2,pop_density_km2,3105000015437,Not significant,-0.006306599658504805,0.459
bivariate LISA,business_density_km2,pop_density_km2,3105000015687,High-High,0.5251341319197543,0.005
bivariate LISA,business_density_km2,pop_density_km2,3105000015441,Not significant,0.6789100400291321,0.071
bivariate LISA,business_density_km2,pop_density_km2,3105000015456,Not significant,0.0062934464620987285,0.371
bivariate LISA,business_density_km2,pop_density_km2,3105000015460,Not significant,0.033693583084292045,0.48
bivariate LISA,business_density_km2,pop_density_km2,3105000015475,Not significant,0.07789551882208663,0.485
bivariate LISA,business_density_km2,pop_density_km2,310500001548A,Not significant,0.18703804586077594,0.142
bivariate LISA,business_density_km2,pop_density_km2,3105000015494,Not significant,0.2729015848066989,0.056
bivariate LISA,business_density_km2,pop_density_km2,3105000015511,Not significant,-0.06949742352562426,0.334
bivariate LISA,business_density_km2,pop_density_km2,3105000015935,Not significant,-0.03338908097815637,0.492
bivariate LISA,business_density_km2,pop_density_km2,3105000015526,Low-Low,0.5512331912786567,0.042
bivariate LISA,business_density_km2,pop_density_km2,3105000015579,Not significant,0.0957755188889215,0.222
bivariate LISA,business_density_km2,pop_density_km2,3105000015583,Not significant,0.28158283200271156,0.231
bivariate LISA,business_density_km2,pop_density_km2,3105000015634,Not significant,0.02254605114910785,0.256
bivariate LISA,business_density_km2,pop_density_km2,3105000015649,Not significant,0.12720280993222988,0.231
bivariate LISA,business_density_km2,pop_density_km2,3105000015598,Not significant,-0.029272462827694423,0.341
bivariate LISA,business_density_km2,pop_density_km2,3105000015600,Not significant,0.1490171433606332,0.239
bivariate LISA,business_density_km2,pop_density_km2,310500001562A,Not significant,0.2946310347782069,0.13
bivariate LISA,business_density_km2,pop_density_km2,310500001594A,Not significant,-0.19076491495661674,0.075
bivariate LISA,business_density_km2,pop_density_km2,3105000015691,Not significant,0.13660953217056532,0.2
bivariate LISA,business_density_km2,pop_density_km2,3105000015704,Not significant,0.13786743748690933,0.195
bivariate LISA,business_density_km2,pop_density_km2,3105000015719,Not significant,0.058117009122245586,0.274
bivariate LISA,business_density_km2,pop_density_km2,3105000015723,High-High,0.32284678852437065,0.043
bivariate LISA,business_density_km2,pop_density_km2,3105000015738,Not significant,0.26980130362721616,0.091
bivariate LISA,business_density_km2,pop_density_km2,3105000015742,Not significant,-0.03453388103420624,0.321
bivariate LISA,business_density_km2,pop_density_km2,3105000015757,Not significant,-0.15114180166641286,0.174
bivariate LISA,business_density_km2,pop_density_km2,3105000015761,Not significant,0.1434861530547478,0.188
bivariate LISA,business_density_km2,pop_density_km2,3105000015776,Low-Low,0.7739518041817651,0.035
bivariate LISA,business_density_km2,pop_density_km2,3105000015780,High-High,0.2777884599772993,0.006
bivariate LISA,business_density_km2,pop_density_km2,3105000015795,High-High,0.16530595486836602,0.01
bivariate LISA,business_density_km2,pop_density_km2,3105000015808,Not significant,0.22073205057667714,0.074
bivariate LISA,business_density_km2,pop_density_km2,3105000015812,High-High,0.0879182833252125,0.025
bivariate LISA,business_density_km2,pop_density_km2,3105000015827,Not significant,0.014720769862862543,0.152
bivariate LISA,business_density_km2,pop_density_km2,3105000015831,Not significant,0.0284206037592243,0.354
bivariate LISA,business_density_km2,pop_density_km2,3105000015846,Not significant,0.14479015322578026,0.263
bivariate LISA,business_density_km2,pop_density_km2,3105000015850,Not significant,0.0032703300175882482,0.345
bivariate LISA,business_density_km2,pop_density_km2,3105000015865,Not significant,0.01501677852739573,0.271
bivariate LISA,business_density_km2,pop_density_km2,310500001587A,Not significant,-0.08947055586212904,0.344
bivariate LISA,business_density_km2,pop_density_km2,3105000015884,Not significant,-0.049225489242866446,0.26
bivariate LISA,business_density_km2,pop_density_km2,3105000015899,Not significant,1.0862531595644684,0.063
bivariate LISA,business_density_km2,pop_density_km2,3105000015916,Not significant,1.6070162221639355,0.093
bivariate LISA,business_density_km2,pop_density_km2,3105000015920,Not significant,4.2346983330677554,0.063
bivariate LISA,business_density_km2,pop_density_km2,3105000015988,Not significant,-0.1285677167793353,0.346
bivariate LISA,business_density_km2,pop_density_km2,3105000015992,Not significant,-0.02811020124035454,0.376
bivariate LISA,business_density_km2,pop_density_km2,3105000016007,Not significant,1.247470698108664,0.064
bivariate LISA,business_density_km2,pop_density_km2,3105000016030,Not significant,-0.060255096156954936,0.313
bivariate LISA,business_density_km2,pop_density_km2,3105000016045,Not significant,-0.043072505007777116,0.336
bivariate LISA,business_density_km2,pop_density_km2,310500001605A,Not significant,0.12393472155083259,0.228
bivariate LISA,business_density_km2,pop_density_km2,310500001612A,Not significant,-0.3822926635527031,0.066
bivariate LISA,business_density_km2,pop_density_km2,3105000016064,Not significant,-0.008131889460184989,0.449
bivariate LISA,business_density_km2,pop_density_km2,3105000016079,Not significant,0.006359953710134366,0.444
bivariate LISA,business_density_km2,pop_density_km2,3105000016083,Low-Low,1.382576353080899,0.045
bivariate LISA,business_density_km2,pop_density_km2,3105000016098,Not significant,1.044496161978485,0.078
bivariate LISA,business_density_km2,pop_density_km2,3105000016100,Low-Low,1.137083979183198,0.044
bivariate LISA,business_density_km2,pop_density_km2,3105000016115,High-Low,-0.5265558135347477,0.048
bivariate LISA,business_density_km2,pop_density_km2,3105000016134,Not significant,0.018145612766424943,0.227
bivariate LISA,business_density_km2,pop_density_km2,3105000016149,Not significant,0.003480903191132088,0.436
bivariate LISA,business_density_km2,pop_density_km2,3105000016153,High-High,0.393003208500696,0.043
bivariate LISA,business_density_km2,pop_density_km2,3105000016168,Low-Low,6.15701435996801,0.017
bivariate LISA,business_density_km2,pop_density_km2,3105000016172,Not significant,-0.00991712807449009,0.451
bivariate LISA,business_density_km2,pop_density_km2,3105000016187,Not significant,0.017688838209116094,0.38
bivariate LISA,business_density_km2,pop_density_km2,3105000016191,Not significant,-0.010962658232413795,0.295
bivariate LISA,business_density_km2,pop_density_km2,3105000016204,Not significant,-1.6062643744772527,0.363
bivariate LISA,business_density_km2,pop_density_km2,3105000016219,Not significant,-0.9540414193865898,0.424
bivariate LISA,business_density_km2,pop_density_km2,3105000016223,Not significant,3.081268130282175,0.085
bivariate LISA,business_density_km2,pop_density_km2,3105000016238,Not significant,-0.05656915228257473,0.119
bivariate LISA,business_density_km2,pop_density_km2,3105000016242,Low-Low,0.9632766160046042,0.039
bivariate LISA,business_density_km2,pop_density_km2,3105000016416,Not significant,0.21821778459823948,0.121
bivariate LISA,business_density_km2,pop_density_km2,3105000016257,Not significant,3.8074370986898107,0.088
bivariate LISA,business_density_km2,pop_density_km2,3105000016261,Low-Low,2.0998113225010493,0.023
bivariate LISA,business_density_km2,pop_density_km2,3105000016350,Not significant,0.23144572233827143,0.147
bivariate LISA,business_density_km2,pop_density_km2,3105000016365,High-High,0.3199355128321551,0.003
bivariate LISA,business_density_km2,pop_density_km2,310500001637A,High-High,0.7407476309415547,0.004
bivariate LISA,business_density_km2,pop_density_km2,3105000016384,High-High,0.4764535978958443,0.005
bivariate LISA,business_density_km2,pop_density_km2,3105000016399,High-High,0.5051775855540063,0.005
bivariate LISA,business_density_km2,pop_density_km2,3105000016401,High-High,0.3951132022673931,0.008
bivariate LISA,business_density_km2,pop_density_km2,3105000016435,Low-Low,0.5187843726691058,0.026
bivariate LISA,business_density_km2,pop_density_km2,310500001644A,Not significant,0.891290386394691,0.106
bivariate LISA,business_density_km2,pop_density_km2,3105000016454,Not significant,-0.040134401761978085,0.458
bivariate LISA,business_density_km2,pop_density_km2,3105000016469,Not significant,0.027366683061512374,0.432
bivariate LISA,business_density_km2,pop_density_km2,3105000016473,Not significant,0.28887848564017055,0.099
bivariate LISA,business_density_km2,pop_density_km2,3105000016488,Not significant,0.0366635007616715,0.465
bivariate LISA,business_density_km2,pop_density_km2,3105000016492,Not significant,-0.14443605855141595,0.089
bivariate LISA,business_density_km2,pop_density_km2,3105000016505,Not significant,0.025290474632745124,0.171
bivariate LISA,business_density_km2,pop_density_km2,310500001651A,Not significant,-0.05127498964688318,0.127
bivariate LISA,business_density_km2,pop_density_km2,3105000016524,Not significant,0.1101333040472542,0.413
bivariate LISA,business_density_km2,pop_density_km2,3105000016539,Not significant,-0.0006007954780444406,0.386
bivariate LISA,business_density_km2,pop_density_km2,3105000016543,Not significant,-0.11956333632666054,0.161
bivariate LISA,business_density_km2,pop_density_km2,3105000016558,Not significant,0.36592103978567286,0.101
bivariate LISA,business_density_km2,pop_density_km2,3105000016581,Not significant,1.1454995600916482,0.217
bivariate LISA,business_density_km2,pop_density_km2,3105000016613,Not significant,0.7081811640078927,0.093
bivariate LISA,business_density_km2,pop_density_km2,3105000016628,Not significant,1.0553944499290324,0.123
bivariate LISA,business_density_km2,pop_density_km2,3105000016632,High-High,0.009250507457312523,0.039
bivariate LISA,business_density_km2,pop_density_km2,3105000016647,Not significant,-0.03374081786967001,0.06
bivariate LISA,business_density_km2,pop_density_km2,3105000016651,Low-High,-0.07939952562898944,0.013
bivariate LISA,business_density_km2,pop_density_km2,3105000016666,Not significant,0.026301070214738743,0.322
bivariate LISA,business_density_km2,pop_density_km2,3105000016670,Not significant,7.44126154704089e-05,0.398
bivariate LISA,business_density_km2,pop_density_km2,3105000930135,Not significant,0.7517556408043067,0.255
bivariate LISA,business_density_km2,pop_density_km2,310500001669A,Not significant,0.6901754106048221,0.087
bivariate LISA,business_density_km2,pop_density_km2,3105000016702,Not significant,0.05744024845605248,0.234
bivariate LISA,business_density_km2,pop_density_km2,3105000016717,Not significant,0.02177678750204494,0.277
bivariate LISA,business_density_km2,pop_density_km2,3105000016721,Not significant,0.24316709435967787,0.077
bivariate LISA,business_density_km2,pop_density_km2,3105000016740,Not significant,0.2613073344212082,0.134
bivariate LISA,business_density_km2,pop_density_km2,3105000016755,Not significant,0.2877341340091617,0.178
bivariate LISA,business_density_km2,pop_density_km2,310500001676A,Not significant,-1.1381862558738418,0.372
bivariate LISA,business_density_km2,pop_density_km2,3105000016774,Not significant,-0.08339826923537436,0.345
bivariate LISA,business_density_km2,pop_density_km2,3105000016789,Not significant,1.1088732171511646,0.082
bivariate LISA,business_density_km2,pop_density_km2,3105000016793,Not significant,0.07690319307863458,0.367
bivariate LISA,business_density_km2,pop_density_km2,3105000016806,Not significant,0.9899629441541988,0.055
bivariate LISA,business_density_km2,pop_density_km2,3105001116276,Not significant,0.2729011548204612,0.215
bivariate LISA,business_density_km2,pop_density_km2,3105000016810,Not significant,-0.05354478875485807,0.32
bivariate LISA,business_density_km2,pop_density_km2,3105000016825,Not significant,-0.1142388568603387,0.166
bivariate LISA,business_density_km2,pop_density_km2,310500001683A,Not significant,-0.10775293976780732,0.134
bivariate LISA,business_density_km2,pop_density_km2,3105000016844,Not significant,-0.4197129598981136,0.329
bivariate LISA,business_density_km2,pop_density_km2,3105000016859,Not significant,0.05089800905541244,0.463
bivariate LISA,business_density_km2,pop_density_km2,3105000016863,Not significant,-0.052839222342568,0.302
bivariate LISA,business_density_km2,pop_density_km2,3105000016878,High-High,0.00661946508688904,0.042
bivariate LISA,business_density_km2,pop_density_km2,3105001116280,Not significant,0.7414621362572492,0.115
bivariate LISA,business_density_km2,pop_density_km2,3105000016882,Not significant,-0.1621632725139681,0.428
bivariate LISA,business_density_km2,pop_density_km2,3105000016897,Not significant,0.10462883399449853,0.225
bivariate LISA,business_density_km2,pop_density_km2,310500001690A,Not significant,-0.18621100132688156,0.07
bivariate LISA,business_density_km2,pop_density_km2,3105000016914,Not significant,0.025543647518132612,0.379
bivariate LISA,business_density_km2,pop_density_km2,3105000016929,Not significant,2.566331719178788,0.063
bivariate LISA,business_density_km2,pop_density_km2,3105000016948,Not significant,-0.06706852971263116,0.248
bivariate LISA,business_density_km2,pop_density_km2,3105000016952,Not significant,-0.0731770748057076,0.074
bivariate LISA,business_density_km2,pop_density_km2,3105000016967,Not significant,1.5817217825834191,0.182
bivariate LISA,business_density_km2,pop_density_km2,3105000016971,Not significant,0.2467512023647855,0.31
bivariate LISA,business_density_km2,pop_density_km2,3105000016986,Not significant,-0.09710878464111067,0.19
bivariate LISA,business_density_km2,pop_density_km2,3105000016990,Low-High,-0.09260175577856489,0.047
bivariate LISA,business_density_km2,pop_density_km2,3105000017005,Not significant,0.042408631998513,0.096
bivariate LISA,business_density_km2,pop_density_km2,310500001701A,Not significant,0.36460991422388495,0.158
bivariate LISA,business_density_km2,pop_density_km2,3105000017024,Not significant,-0.3402993423159309,0.323
bivariate LISA,business_density_km2,pop_density_km2,3105000017043,Not significant,1.5664687026879371,0.133
bivariate LISA,business_density_km2,pop_density_km2,310500075441A,Not significant,0.257842281294599,0.233
bivariate LISA,business_density_km2,pop_density_km2,3105000754424,Not significant,1.2216784103334262,0.072
bivariate LISA,business_density_km2,pop_density_km2,3105000754443,Low-Low,0.20054990060359298,0.038
bivariate LISA,business_density_km2,pop_density_km2,3105000754458,Not significant,0.0011333608125102704,0.461
bivariate LISA,business_density_km2,pop_density_km2,3105000755564,Not significant,1.3171721154936251,0.083
bivariate LISA,business_density_km2,pop_density_km2,3105000756011,Not significant,1.1433532015851369,0.086
bivariate LISA,business_density_km2,pop_density_km2,3105000756026,Not significant,2.1620336467719024,0.113
bivariate LISA,business_density_km2,pop_density_km2,3105000756562,Not significant,0.16150461891302884,0.105
bivariate LISA,business_density_km2,pop_density_km2,3105000756577,Not significant,-0.0708564452854412,0.321
bivariate LISA,business_density_km2,pop_density_km2,3105001116295,Not significant,0.735468319067209,0.136
bivariate LISA,business_density_km2,pop_density_km2,3105000774388,Not significant,0.13459784386617196,0.078
bivariate LISA,business_density_km2,pop_density_km2,3105000774392,Low-Low,0.5580030092425989,0.018
bivariate LISA,business_density_km2,pop_density_km2,3105000774941,Not significant,1.12235032527446,0.234
bivariate LISA,business_density_km2,pop_density_km2,3105000774956,Not significant,1.3521663042164414,0.168
bivariate LISA,business_density_km2,pop_density_km2,3105000775530,Not significant,0.20045796784282782,0.209
bivariate LISA,business_density_km2,pop_density_km2,3105000776312,Not significant,1.9442681964491506,0.154
bivariate LISA,business_density_km2,pop_density_km2,3105000776327,Not significant,4.923238649592043,0.053
bivariate LISA,business_density_km2,pop_density_km2,3105000776331,Not significant,1.148564068386737,0.187
bivariate LISA,business_density_km2,pop_density_km2,3105000842184,Not significant,1.5999322279617703,0.091
bivariate LISA,business_density_km2,pop_density_km2,3105000842199,Not significant,0.06419191286295875,0.056
bivariate LISA,business_density_km2,pop_density_km2,3105000843568,Not significant,0.3997725025319285,0.219
bivariate LISA,business_density_km2,pop_density_km2,3105000844053,Not significant,0.5430963245130435,0.094
bivariate LISA,business_density_km2,pop_density_km2,3105000844373,Not significant,2.6142418284728284,0.069
bivariate LISA,business_density_km2,pop_density_km2,3105000845193,Not significant,0.19811247716146368,0.107
bivariate LISA,business_density_km2,pop_density_km2,3105000845206,Not significant,0.24600232783691706,0.081
bivariate LISA,business_density_km2,pop_density_km2,3105000845367,Not significant,0.975184463181809,0.203
bivariate LISA,business_density_km2,pop_density_km2,3105000845545,Not significant,2.398119197745383,0.059
bivariate LISA,business_density_km2,pop_density_km2,3105000845954,Not significant,0.7662374774962273,0.09
bivariate LISA,business_density_km2,pop_density_km2,3105000932127,High-Low,-0.23757073174806867,0.001
bivariate LISA,business_density_km2,pop_density_km2,3105000933816,Low-Low,4.097303859917898,0.009
bivariate LISA,business_density_km2,pop_density_km2,3105000933820,Not significant,0.2748210539539196,0.27
bivariate LISA,business_density_km2,pop_density_km2,310500093555A,Not significant,1.0273136510599632,0.158
bivariate LISA,business_density_km2,pop_density_km2,3105000935653,Not significant,0.5889129353397388,0.134
bivariate LISA,business_density_km2,pop_density_km2,3105000935668,Low-Low,0.25904295007546263,0.015
bivariate LISA,business_density_km2,pop_density_km2,3105000936346,Not significant,2.3216684434783885,0.112
bivariate LISA,business_density_km2,pop_density_km2,3105001114405,Not significant,0.20752574814871716,0.074
